{ "editorVersion": 5.0, "instances": [ { "layer": 0.0, "deleted": 0.0, "variables": { "x": 432.0, "y": 416.0 }, "object": 804.0 }, { "layer": 0.0, "deleted": 0.0, "variables": { "x": 448.0, "flipX": 0.0, "y": 320.0, "flipY": 0.0 }, "object": 770.0 }, { "layer": 0.0, "deleted": 0.0, "variables": { "x": 0.0, "y": 480.0, "image_xscale": 31.0, "image_yscale": 2.0, "flipX": 0.0, "flipY": 0.0 }, "object": 517.0 }, { "layer": 0.0, "deleted": 0.0, "variables": { "x": 352.0, "y": 448.0, "image_xscale": 6.0, "image_yscale": 1.0, "flipX": 0.0, "flipY": 0.0 }, "object": 517.0 }, { "layer": 0.0, "deleted": 0.0, "variables": { "x": 0.0, "y": 0.0, "image_xscale": 31.0, "image_yscale": 2.0, "flipX": 0.0, "flipY": 0.0 }, "object": 517.0 }, { "layer": 0.0, "deleted": 0.0, "variables": { "x": -32.0, "y": 64.0, "image_xscale": 1.0, "image_yscale": 13.0, "flipX": 0.0, "flipY": 0.0 }, "object": 517.0 }, { "layer": 0.0, "deleted": 0.0, "variables": { "x": 960.0, "y": 63.0, "targetRoom": "room1", "image_xscale": 1.0, "image_yscale": 6.515625, "flipX": 0.0, "flipY": 0.0, "targetDoor": "B" }, "object": 801.0 }, { "layer": 0.0, "deleted": 0.0, "variables": { "x": 992.0, "y": 64.0, "image_xscale": 1.0, "image_yscale": 13.0, "flipX": 0.0, "flipY": 0.0 }, "object": 517.0 }, { "layer": 0.0, "deleted": 0.0, "variables": { "x": 736.0, "flipX": 1.0, "content": "obj_cheeseslime", "flipY": 0.0, "y": 448.0 }, "object": 694.0 }, { "layer": 0.0, "deleted": 0.0, "variables": { "x": 640.0, "flipX": 1.0, "y": 371.0, "flipY": 0.0 }, "object": 656.0 } ], "tile_data": { "5": { "672_32": { "coord": [ 5.0, 6.0 ], "autotile_index": 0.0, "tileset": "tile_entrance1", "autotile": 1.0 }, "704_0": { "coord": [ 7.0, 5.0 ], "autotile_index": 0.0, "tileset": "tile_entrance1", "autotile": 1.0 }, "352_0": { "coord": [ 7.0, 5.0 ], "autotile_index": 0.0, "tileset": "tile_entrance1", "autotile": 1.0 }, "384_512": { "coord": [ 7.0, 5.0 ], "autotile_index": 0.0, "tileset": "tile_entrance1", "autotile": 1.0 }, "192_480": { "coord": [ 5.0, 4.0 ], "autotile_index": 0.0, "tileset": "tile_entrance1", "autotile": 1.0 }, "704_512": { "coord": [ 7.0, 5.0 ], "autotile_index": 0.0, "tileset": "tile_entrance1", "autotile": 1.0 }, "96_0": { "coord": [ 7.0, 5.0 ], "autotile_index": 0.0, "tileset": "tile_entrance1", "autotile": 1.0 }, "-96_0": { "coord": [ 0.0, 0.0 ], "autotile_index": 0.0, "tileset": "tile_entrance1", "autotile": 1.0 }, "928_512": { "coord": [ 7.0, 5.0 ], "autotile_index": 0.0, "tileset": "tile_entrance1", "autotile": 1.0 }, "448_32": { "coord": [ 5.0, 6.0 ], "autotile_index": 0.0, "tileset": "tile_entrance1", "autotile": 1.0 }, "768_512": { "coord": [ 7.0, 5.0 ], "autotile_index": 0.0, "tileset": "tile_entrance1", "autotile": 1.0 }, "736_512": { "coord": [ 7.0, 5.0 ], "autotile_index": 0.0, "tileset": "tile_entrance1", "autotile": 1.0 }, "768_0": { "coord": [ 7.0, 5.0 ], "autotile_index": 0.0, "tileset": "tile_entrance1", "autotile": 1.0 }, "864_512": { "coord": [ 7.0, 5.0 ], "autotile_index": 0.0, "tileset": "tile_entrance1", "autotile": 1.0 }, "288_32": { "coord": [ 5.0, 6.0 ], "autotile_index": 0.0, "tileset": "tile_entrance1", "autotile": 1.0 }, "0_480": { "coord": [ 5.0, 4.0 ], "autotile_index": 0.0, "tileset": "tile_entrance1", "autotile": 1.0 }, "160_32": { "coord": [ 5.0, 6.0 ], "autotile_index": 0.0, "tileset": "tile_entrance1", "autotile": 1.0 }, "768_32": { "coord": [ 5.0, 6.0 ], "autotile_index": 0.0, "tileset": "tile_entrance1", "autotile": 1.0 }, "800_480": { "coord": [ 5.0, 4.0 ], "autotile_index": 0.0, "tileset": "tile_entrance1", "autotile": 1.0 }, "864_480": { "coord": [ 5.0, 4.0 ], "autotile_index": 0.0, "tileset": "tile_entrance1", "autotile": 1.0 }, "608_0": { "coord": [ 7.0, 5.0 ], "autotile_index": 0.0, "tileset": "tile_entrance1", "autotile": 1.0 }, "928_0": { "coord": [ 7.0, 5.0 ], "autotile_index": 0.0, "tileset": "tile_entrance1", "autotile": 1.0 }, "768_480": { "coord": [ 5.0, 4.0 ], "autotile_index": 0.0, "tileset": "tile_entrance1", "autotile": 1.0 }, "800_512": { "coord": [ 7.0, 5.0 ], "autotile_index": 0.0, "tileset": "tile_entrance1", "autotile": 1.0 }, "576_0": { "coord": [ 7.0, 5.0 ], "autotile_index": 0.0, "tileset": "tile_entrance1", "autotile": 1.0 }, "640_512": { "coord": [ 7.0, 5.0 ], "autotile_index": 0.0, "tileset": "tile_entrance1", "autotile": 1.0 }, "64_512": { "coord": [ 7.0, 5.0 ], "autotile_index": 0.0, "tileset": "tile_entrance1", "autotile": 1.0 }, "192_512": { "coord": [ 7.0, 5.0 ], "autotile_index": 0.0, "tileset": "tile_entrance1", "autotile": 1.0 }, "-64_0": { "coord": [ 0.0, 0.0 ], "autotile_index": 0.0, "tileset": "tile_entrance1", "autotile": 1.0 }, "928_32": { "coord": [ 5.0, 6.0 ], "autotile_index": 0.0, "tileset": "tile_entrance1", "autotile": 1.0 }, "576_480": { "coord": [ 5.0, 4.0 ], "autotile_index": 0.0, "tileset": "tile_entrance1", "autotile": 1.0 }, "800_32": { "coord": [ 5.0, 6.0 ], "autotile_index": 0.0, "tileset": "tile_entrance1", "autotile": 1.0 }, "0_32": { "coord": [ 5.0, 6.0 ], "autotile_index": 0.0, "tileset": "tile_entrance1", "autotile": 1.0 }, "256_480": { "coord": [ 5.0, 4.0 ], "autotile_index": 0.0, "tileset": "tile_entrance1", "autotile": 1.0 }, "352_32": { "coord": [ 5.0, 6.0 ], "autotile_index": 0.0, "tileset": "tile_entrance1", "autotile": 1.0 }, "320_480": { "coord": [ 5.0, 4.0 ], "autotile_index": 0.0, "tileset": "tile_entrance1", "autotile": 1.0 }, "384_448": { "coord": [ 5.0, 4.0 ], "autotile_index": 0.0, "tileset": "tile_entrance1", "autotile": 1.0 }, "448_480": { "coord": [ 7.0, 5.0 ], "autotile_index": 0.0, "tileset": "tile_entrance1", "autotile": 1.0 }, "320_512": { "coord": [ 7.0, 5.0 ], "autotile_index": 0.0, "tileset": "tile_entrance1", "autotile": 1.0 }, "32_32": { "coord": [ 5.0, 6.0 ], "autotile_index": 0.0, "tileset": "tile_entrance1", "autotile": 1.0 }, "480_480": { "coord": [ 7.0, 5.0 ], "autotile_index": 0.0, "tileset": "tile_entrance1", "autotile": 1.0 }, "736_0": { "coord": [ 7.0, 5.0 ], "autotile_index": 0.0, "tileset": "tile_entrance1", "autotile": 1.0 }, "128_32": { "coord": [ 5.0, 6.0 ], "autotile_index": 0.0, "tileset": "tile_entrance1", "autotile": 1.0 }, "224_0": { "coord": [ 7.0, 5.0 ], "autotile_index": 0.0, "tileset": "tile_entrance1", "autotile": 1.0 }, "736_480": { "coord": [ 5.0, 4.0 ], "autotile_index": 0.0, "tileset": "tile_entrance1", "autotile": 1.0 }, "64_480": { "coord": [ 5.0, 4.0 ], "autotile_index": 0.0, "tileset": "tile_entrance1", "autotile": 1.0 }, "288_0": { "coord": [ 7.0, 5.0 ], "autotile_index": 0.0, "tileset": "tile_entrance1", "autotile": 1.0 }, "-32_0": { "coord": [ 0.0, 0.0 ], "autotile_index": 0.0, "tileset": "tile_entrance1", "autotile": 1.0 }, "448_512": { "coord": [ 7.0, 4.0 ], "autotile_index": 0.0, "tileset": "tile_entrance1", "autotile": 1.0 }, "-32_32": { "coord": [ 0.0, 0.0 ], "autotile_index": 0.0, "tileset": "tile_entrance1", "autotile": 1.0 }, "416_448": { "coord": [ 5.0, 4.0 ], "autotile_index": 0.0, "tileset": "tile_entrance1", "autotile": 1.0 }, "320_0": { "coord": [ 7.0, 5.0 ], "autotile_index": 0.0, "tileset": "tile_entrance1", "autotile": 1.0 }, "96_512": { "coord": [ 7.0, 5.0 ], "autotile_index": 0.0, "tileset": "tile_entrance1", "autotile": 1.0 }, "608_32": { "coord": [ 5.0, 6.0 ], "autotile_index": 0.0, "tileset": "tile_entrance1", "autotile": 1.0 }, "992_512": { "coord": [ 0.0, 0.0 ], "autotile_index": 0.0, "tileset": "tile_entrance1", "autotile": 1.0 }, "256_0": { "coord": [ 7.0, 5.0 ], "autotile_index": 0.0, "tileset": "tile_entrance1", "autotile": 1.0 }, "832_32": { "coord": [ 5.0, 6.0 ], "autotile_index": 0.0, "tileset": "tile_entrance1", "autotile": 1.0 }, "-96_32": { "coord": [ 0.0, 0.0 ], "autotile_index": 0.0, "tileset": "tile_entrance1", "autotile": 1.0 }, "-64_32": { "coord": [ 0.0, 0.0 ], "autotile_index": 0.0, "tileset": "tile_entrance1", "autotile": 1.0 }, "64_32": { "coord": [ 5.0, 6.0 ], "autotile_index": 0.0, "tileset": "tile_entrance1", "autotile": 1.0 }, "256_32": { "coord": [ 5.0, 6.0 ], "autotile_index": 0.0, "tileset": "tile_entrance1", "autotile": 1.0 }, "896_32": { "coord": [ 5.0, 6.0 ], "autotile_index": 0.0, "tileset": "tile_entrance1", "autotile": 1.0 }, "480_512": { "coord": [ 7.0, 5.0 ], "autotile_index": 0.0, "tileset": "tile_entrance1", "autotile": 1.0 }, "160_480": { "coord": [ 5.0, 4.0 ], "autotile_index": 0.0, "tileset": "tile_entrance1", "autotile": 1.0 }, "288_512": { "coord": [ 7.0, 5.0 ], "autotile_index": 0.0, "tileset": "tile_entrance1", "autotile": 1.0 }, "32_0": { "coord": [ 7.0, 5.0 ], "autotile_index": 0.0, "tileset": "tile_entrance1", "autotile": 1.0 }, "160_512": { "coord": [ 7.0, 5.0 ], "autotile_index": 0.0, "tileset": "tile_entrance1", "autotile": 1.0 }, "384_0": { "coord": [ 7.0, 5.0 ], "autotile_index": 0.0, "tileset": "tile_entrance1", "autotile": 1.0 }, "352_512": { "coord": [ 7.0, 5.0 ], "autotile_index": 0.0, "tileset": "tile_entrance1", "autotile": 1.0 }, "32_480": { "coord": [ 5.0, 4.0 ], "autotile_index": 0.0, "tileset": "tile_entrance1", "autotile": 1.0 }, "96_32": { "coord": [ 5.0, 6.0 ], "autotile_index": 0.0, "tileset": "tile_entrance1", "autotile": 1.0 }, "64_0": { "coord": [ 7.0, 5.0 ], "autotile_index": 0.0, "tileset": "tile_entrance1", "autotile": 1.0 }, "256_512": { "coord": [ 7.0, 5.0 ], "autotile_index": 0.0, "tileset": "tile_entrance1", "autotile": 1.0 }, "576_32": { "coord": [ 5.0, 6.0 ], "autotile_index": 0.0, "tileset": "tile_entrance1", "autotile": 1.0 }, "192_0": { "coord": [ 7.0, 5.0 ], "autotile_index": 0.0, "tileset": "tile_entrance1", "autotile": 1.0 }, "800_0": { "coord": [ 7.0, 5.0 ], "autotile_index": 0.0, "tileset": "tile_entrance1", "autotile": 1.0 }, "480_448": { "coord": [ 5.0, 4.0 ], "autotile_index": 0.0, "tileset": "tile_entrance1", "autotile": 1.0 }, "224_512": { "coord": [ 7.0, 5.0 ], "autotile_index": 0.0, "tileset": "tile_entrance1", "autotile": 1.0 }, "864_32": { "coord": [ 5.0, 6.0 ], "autotile_index": 0.0, "tileset": "tile_entrance1", "autotile": 1.0 }, "832_0": { "coord": [ 7.0, 5.0 ], "autotile_index": 0.0, "tileset": "tile_entrance1", "autotile": 1.0 }, "96_480": { "coord": [ 5.0, 4.0 ], "autotile_index": 0.0, "tileset": "tile_entrance1", "autotile": 1.0 }, "352_480": { "coord": [ 6.0, 3.0 ], "autotile_index": 0.0, "tileset": "tile_entrance1", "autotile": 1.0 }, "544_512": { "coord": [ 7.0, 5.0 ], "autotile_index": 0.0, "tileset": "tile_entrance1", "autotile": 1.0 }, "320_32": { "coord": [ 5.0, 6.0 ], "autotile_index": 0.0, "tileset": "tile_entrance1", "autotile": 1.0 }, "640_0": { "coord": [ 7.0, 5.0 ], "autotile_index": 0.0, "tileset": "tile_entrance1", "autotile": 1.0 }, "672_480": { "coord": [ 5.0, 4.0 ], "autotile_index": 0.0, "tileset": "tile_entrance1", "autotile": 1.0 }, "832_512": { "coord": [ 7.0, 5.0 ], "autotile_index": 0.0, "tileset": "tile_entrance1", "autotile": 1.0 }, "192_32": { "coord": [ 5.0, 6.0 ], "autotile_index": 0.0, "tileset": "tile_entrance1", "autotile": 1.0 }, "608_480": { "coord": [ 5.0, 4.0 ], "autotile_index": 0.0, "tileset": "tile_entrance1", "autotile": 1.0 }, "480_0": { "coord": [ 7.0, 5.0 ], "autotile_index": 0.0, "tileset": "tile_entrance1", "autotile": 1.0 }, "416_512": { "coord": [ 7.0, 4.0 ], "autotile_index": 0.0, "tileset": "tile_entrance1", "autotile": 1.0 }, "672_512": { "coord": [ 7.0, 5.0 ], "autotile_index": 0.0, "tileset": "tile_entrance1", "autotile": 1.0 }, "640_32": { "coord": [ 5.0, 6.0 ], "autotile_index": 0.0, "tileset": "tile_entrance1", "autotile": 1.0 }, "384_32": { "coord": [ 5.0, 6.0 ], "autotile_index": 0.0, "tileset": "tile_entrance1", "autotile": 1.0 }, "384_480": { "coord": [ 7.0, 5.0 ], "autotile_index": 0.0, "tileset": "tile_entrance1", "autotile": 1.0 }, "896_0": { "coord": [ 7.0, 5.0 ], "autotile_index": 0.0, "tileset": "tile_entrance1", "autotile": 1.0 }, "928_480": { "coord": [ 5.0, 4.0 ], "autotile_index": 0.0, "tileset": "tile_entrance1", "autotile": 1.0 }, "864_0": { "coord": [ 7.0, 5.0 ], "autotile_index": 0.0, "tileset": "tile_entrance1", "autotile": 1.0 }, "0_512": { "coord": [ 7.0, 5.0 ], "autotile_index": 0.0, "tileset": "tile_entrance1", "autotile": 1.0 }, "32_512": { "coord": [ 7.0, 5.0 ], "autotile_index": 0.0, "tileset": "tile_entrance1", "autotile": 1.0 }, "960_512": { "coord": [ 0.0, 0.0 ], "autotile_index": 0.0, "tileset": "tile_entrance1", "autotile": 1.0 }, "128_0": { "coord": [ 7.0, 5.0 ], "autotile_index": 0.0, "tileset": "tile_entrance1", "autotile": 1.0 }, "896_480": { "coord": [ 5.0, 4.0 ], "autotile_index": 0.0, "tileset": "tile_entrance1", "autotile": 1.0 }, "544_0": { "coord": [ 7.0, 5.0 ], "autotile_index": 0.0, "tileset": "tile_entrance1", "autotile": 1.0 }, "992_480": { "coord": [ 0.0, 0.0 ], "autotile_index": 0.0, "tileset": "tile_entrance1", "autotile": 1.0 }, "544_480": { "coord": [ 5.0, 4.0 ], "autotile_index": 0.0, "tileset": "tile_entrance1", "autotile": 1.0 }, "512_512": { "coord": [ 7.0, 5.0 ], "autotile_index": 0.0, "tileset": "tile_entrance1", "autotile": 1.0 }, "416_0": { "coord": [ 7.0, 5.0 ], "autotile_index": 0.0, "tileset": "tile_entrance1", "autotile": 1.0 }, "544_32": { "coord": [ 5.0, 6.0 ], "autotile_index": 0.0, "tileset": "tile_entrance1", "autotile": 1.0 }, "448_448": { "coord": [ 5.0, 4.0 ], "autotile_index": 0.0, "tileset": "tile_entrance1", "autotile": 1.0 }, "512_32": { "coord": [ 5.0, 6.0 ], "autotile_index": 0.0, "tileset": "tile_entrance1", "autotile": 1.0 }, "416_32": { "coord": [ 5.0, 6.0 ], "autotile_index": 0.0, "tileset": "tile_entrance1", "autotile": 1.0 }, "896_512": { "coord": [ 7.0, 5.0 ], "autotile_index": 0.0, "tileset": "tile_entrance1", "autotile": 1.0 }, "576_512": { "coord": [ 7.0, 5.0 ], "autotile_index": 0.0, "tileset": "tile_entrance1", "autotile": 1.0 }, "0_0": { "coord": [ 7.0, 5.0 ], "autotile_index": 0.0, "tileset": "tile_entrance1", "autotile": 1.0 }, "224_32": { "coord": [ 5.0, 6.0 ], "autotile_index": 0.0, "tileset": "tile_entrance1", "autotile": 1.0 }, "416_480": { "coord": [ 7.0, 5.0 ], "autotile_index": 0.0, "tileset": "tile_entrance1", "autotile": 1.0 }, "128_512": { "coord": [ 7.0, 5.0 ], "autotile_index": 0.0, "tileset": "tile_entrance1", "autotile": 1.0 }, "480_32": { "coord": [ 5.0, 6.0 ], "autotile_index": 0.0, "tileset": "tile_entrance1", "autotile": 1.0 }, "704_32": { "coord": [ 5.0, 6.0 ], "autotile_index": 0.0, "tileset": "tile_entrance1", "autotile": 1.0 }, "608_512": { "coord": [ 7.0, 5.0 ], "autotile_index": 0.0, "tileset": "tile_entrance1", "autotile": 1.0 }, "512_0": { "coord": [ 7.0, 5.0 ], "autotile_index": 0.0, "tileset": "tile_entrance1", "autotile": 1.0 }, "352_448": { "coord": [ 4.0, 4.0 ], "autotile_index": 0.0, "tileset": "tile_entrance1", "autotile": 1.0 }, "672_0": { "coord": [ 7.0, 5.0 ], "autotile_index": 0.0, "tileset": "tile_entrance1", "autotile": 1.0 }, "704_480": { "coord": [ 5.0, 4.0 ], "autotile_index": 0.0, "tileset": "tile_entrance1", "autotile": 1.0 }, "288_480": { "coord": [ 5.0, 4.0 ], "autotile_index": 0.0, "tileset": "tile_entrance1", "autotile": 1.0 }, "832_480": { "coord": [ 5.0, 4.0 ], "autotile_index": 0.0, "tileset": "tile_entrance1", "autotile": 1.0 }, "128_480": { "coord": [ 5.0, 4.0 ], "autotile_index": 0.0, "tileset": "tile_entrance1", "autotile": 1.0 }, "960_480": { "coord": [ 0.0, 0.0 ], "autotile_index": 0.0, "tileset": "tile_entrance1", "autotile": 1.0 }, "160_0": { "coord": [ 7.0, 5.0 ], "autotile_index": 0.0, "tileset": "tile_entrance1", "autotile": 1.0 }, "512_448": { "coord": [ 6.0, 4.0 ], "autotile_index": 0.0, "tileset": "tile_entrance1", "autotile": 1.0 }, "224_480": { "coord": [ 5.0, 4.0 ], "autotile_index": 0.0, "tileset": "tile_entrance1", "autotile": 1.0 }, "448_0": { "coord": [ 7.0, 5.0 ], "autotile_index": 0.0, "tileset": "tile_entrance1", "autotile": 1.0 }, "736_32": { "coord": [ 5.0, 6.0 ], "autotile_index": 0.0, "tileset": "tile_entrance1", "autotile": 1.0 }, "640_480": { "coord": [ 5.0, 4.0 ], "autotile_index": 0.0, "tileset": "tile_entrance1", "autotile": 1.0 }, "512_480": { "coord": [ 4.0, 3.0 ], "autotile_index": 0.0, "tileset": "tile_entrance1", "autotile": 1.0 } } }, "backgrounds": { "5": { "x": 508.0, "scroll_x": 0.80000000000000004440892098500626, "tile_y": 0.0, "hspeed": 0.0, "scroll_y": 0.80000000000000004440892098500626, "panic_sprite": -1.0, "y": 100.0, "sprite": "bg_johnentrance", "tile_x": 1.0, "vspeed": 0.0, "image_speed": "15" }, "6": { "x": -2.0, "scroll_x": 0.75, "tile_y": 1.0, "hspeed": 0.0, "scroll_y": 0.75, "panic_sprite": -1.0, "y": 33.0, "sprite": "bg_tower", "tile_x": 1.0, "vspeed": 0.0, "image_speed": 0.0 }, "-1": { "x": -1.0, "scroll_x": 1.5, "tile_y": 0.0, "hspeed": 0.0, "scroll_y": 1.3000000000000000444089209850063, "panic_sprite": -1.0, "y": 211.0, "sprite": "fg_entrance1", "tile_x": 1.0, "vspeed": 0.0, "image_speed": 0.0 } }, "properties": { "songTransitionTime": 100.0, "roomX": 0.0, "levelWidth": 960.0, "roomY": 0.0, "levelHeight": 540.0, "song": "" } }