{ "editorVersion": 5.0, "instances": [ { "layer": 0.0, "deleted": 0.0, "variables": { "x": -32.0, "y": 480.0, "image_xscale": 32.0, "image_yscale": 2.0, "flipX": 0.0, "flipY": 0.0 }, "object": 517.0 }, { "layer": 0.0, "deleted": 0.0, "variables": { "x": 736.0, "flipX": 0.0, "y": 448.0, "flipY": 0.0 }, "object": 516.0 }, { "layer": 0.0, "deleted": 0.0, "variables": { "x": 832.0, "flipX": 1.0, "y": 448.0, "flipY": 0.0 }, "object": 516.0 }, { "layer": 0.0, "deleted": 0.0, "variables": { "x": 544.0, "flipX": 1.0, "y": 448.0, "flipY": 0.0 }, "object": 516.0 }, { "layer": 0.0, "deleted": 0.0, "variables": { "x": 288.0, "flipX": 0.0, "y": 448.0, "flipY": 0.0 }, "object": 516.0 }, { "layer": 0.0, "deleted": 0.0, "variables": { "x": 320.0, "y": 448.0, "image_xscale": 7.0, "image_yscale": 1.0, "flipX": 0.0, "flipY": 0.0 }, "object": 517.0 }, { "layer": 0.0, "deleted": 0.0, "variables": { "x": 768.0, "y": 448.0, "image_xscale": 2.0, "image_yscale": 1.0, "flipX": 0.0, "flipY": 0.0 }, "object": 517.0 }, { "layer": 0.0, "deleted": 0.0, "variables": { "x": -32.0, "y": 0.0, "image_xscale": 32.0, "image_yscale": 2.0, "flipX": 0.0, "flipY": 0.0 }, "object": 517.0 }, { "layer": 0.0, "deleted": 0.0, "variables": { "x": 960.0, "y": 66.0, "targetRoom": "room2", "image_xscale": 1.0, "image_yscale": 6.46875, "flipX": 0.0, "flipY": 0.0, "targetDoor": "B" }, "object": 801.0 }, { "layer": 0.0, "deleted": 0.0, "variables": { "x": 928.0, "flipX": 0.0, "y": 448.0, "flipY": 0.0 }, "object": 806.0 }, { "layer": 0.0, "deleted": 0.0, "variables": { "x": 32.0, "y": 448.0, "image_xscale": 1.0, "image_yscale": 1.0, "flipX": 0.0, "flipY": 0.0 }, "object": 805.0 }, { "layer": 0.0, "deleted": 0.0, "variables": { "x": -32.0, "y": 66.0, "targetRoom": "END", "image_xscale": 1.0, "image_yscale": 6.46875, "flipX": 0.0, "flipY": 0.0, "targetDoor": "C" }, "object": 801.0 }, { "layer": 0.0, "deleted": 0.0, "variables": { "x": 0.0, "flipX": 0.0, "y": 64.0, "flipY": 0.0 }, "object": 738.0 }, { "layer": 0.0, "deleted": 0.0, "variables": { "x": 0.0, "flipX": 0.0, "y": 96.0, "flipY": 0.0 }, "object": 738.0 }, { "layer": 0.0, "deleted": 0.0, "variables": { "x": 0.0, "flipX": 0.0, "y": 128.0, "flipY": 0.0 }, "object": 738.0 }, { "layer": 0.0, "deleted": 0.0, "variables": { "x": 0.0, "flipX": 0.0, "y": 160.0, "flipY": 0.0 }, "object": 738.0 }, { "layer": 0.0, "deleted": 0.0, "variables": { "x": 0.0, "flipX": 0.0, "y": 192.0, "flipY": 0.0 }, "object": 738.0 }, { "layer": 0.0, "deleted": 0.0, "variables": { "x": 0.0, "flipX": 0.0, "y": 224.0, "flipY": 0.0 }, "object": 738.0 }, { "layer": 0.0, "deleted": 0.0, "variables": { "x": 0.0, "flipX": 0.0, "y": 256.0, "flipY": 0.0 }, "object": 738.0 }, { "layer": 0.0, "deleted": 0.0, "variables": { "x": 0.0, "flipX": 0.0, "y": 288.0, "flipY": 0.0 }, "object": 738.0 }, { "layer": 0.0, "deleted": 0.0, "variables": { "x": 0.0, "flipX": 0.0, "y": 320.0, "flipY": 0.0 }, "object": 738.0 }, { "layer": 0.0, "deleted": 0.0, "variables": { "x": 0.0, "flipX": 0.0, "y": 352.0, "flipY": 0.0 }, "object": 738.0 }, { "layer": 0.0, "deleted": 0.0, "variables": { "x": 0.0, "flipX": 0.0, "y": 384.0, "flipY": 0.0 }, "object": 738.0 }, { "layer": 0.0, "deleted": 0.0, "variables": { "x": 0.0, "flipX": 0.0, "y": 416.0, "flipY": 0.0 }, "object": 738.0 }, { "layer": 0.0, "deleted": 0.0, "variables": { "x": 0.0, "flipX": 0.0, "y": 448.0, "flipY": 0.0 }, "object": 738.0 }, { "layer": 0.0, "deleted": 0.0, "variables": { "x": 512.0, "flipX": 1.0, "y": 401.5, "flipY": 0.0 }, "object": 646.0 }, { "layer": 0.0, "deleted": 0.0, "variables": { "x": 448.0, "flipX": 1.0, "y": 401.5, "flipY": 0.0 }, "object": 646.0 }, { "layer": 0.0, "deleted": 0.0, "variables": { "x": 384.0, "flipX": 1.0, "y": 401.5, "flipY": 0.0 }, "object": 646.0 }, { "layer": 0.0, "deleted": 0.0, "variables": { "x": 320.0, "flipX": 1.0, "y": 401.5, "flipY": 0.0 }, "object": 646.0 }, { "layer": 0.0, "deleted": 0.0, "variables": { "x": 768.0, "flipX": 1.0, "y": 370.0, "flipY": 0.0 }, "object": 681.0 }, { "layer": 0.0, "deleted": 0.0, "variables": { "x": 768.0, "y": 274.0, "image_xscale": 1.0, "image_yscale": 1.0, "escape": "true", "flipX": 1.0, "flipY": 0.0, "useLayerDepth": "true" }, "object": 681.0 }, { "layer": 0.0, "deleted": 0.0, "variables": { "x": 512.0, "y": 338.0, "image_xscale": 1.0, "image_yscale": 1.0, "escape": "true", "flipX": 1.0, "flipY": 0.0 }, "object": 646.0 }, { "layer": 0.0, "deleted": 0.0, "variables": { "x": 448.0, "y": 338.0, "image_xscale": 1.0, "image_yscale": 1.0, "escape": "true", "flipX": 1.0, "flipY": 0.0 }, "object": 646.0 }, { "layer": 0.0, "deleted": 0.0, "variables": { "x": 384.0, "y": 338.0, "image_xscale": 1.0, "image_yscale": 1.0, "escape": "true", "flipX": 1.0, "flipY": 0.0 }, "object": 646.0 }, { "layer": 0.0, "deleted": 0.0, "variables": { "x": 320.0, "y": 338.0, "image_xscale": 1.0, "image_yscale": 1.0, "escape": "true", "flipX": 1.0, "flipY": 0.0 }, "object": 646.0 }, { "layer": 0.0, "deleted": 0.0, "variables": { "x": 640.0, "content": "obj_cheeseslime", "y": 352.0, "image_xscale": 1.0, "image_yscale": 1.0, "flipX": 1.0, "flipY": 0.0, "useLayerDepth": "true" }, "object": 694.0 }, { "layer": 0.0, "deleted": 0.0, "variables": { "x": 64.0, "flipX": 0.0, "y": 416.0, "flipY": 0.0 }, "object": 752.0 }, { "layer": 0.0, "deleted": 0.0, "variables": { "x": 96.0, "flipX": 0.0, "y": 416.0, "flipY": 0.0 }, "object": 752.0 }, { "layer": 0.0, "deleted": 0.0, "variables": { "x": 128.0, "flipX": 0.0, "y": 416.0, "flipY": 0.0 }, "object": 752.0 }, { "layer": 0.0, "deleted": 0.0, "variables": { "x": 160.0, "flipX": 0.0, "y": 416.0, "flipY": 0.0 }, "object": 752.0 }, { "layer": 0.0, "deleted": 0.0, "variables": { "x": 192.0, "flipX": 0.0, "y": 416.0, "flipY": 0.0 }, "object": 752.0 }, { "layer": 0.0, "deleted": 0.0, "variables": { "x": 224.0, "flipX": 0.0, "y": 416.0, "flipY": 0.0 }, "object": 752.0 }, { "layer": 0.0, "deleted": 0.0, "variables": { "x": 224.0, "flipX": 0.0, "y": 384.0, "flipY": 0.0 }, "object": 752.0 }, { "layer": 0.0, "deleted": 0.0, "variables": { "x": 256.0, "flipX": 0.0, "y": 384.0, "flipY": 0.0 }, "object": 752.0 }, { "layer": 0.0, "deleted": 0.0, "variables": { "x": 288.0, "flipX": 0.0, "y": 384.0, "flipY": 0.0 }, "object": 752.0 }, { "layer": 0.0, "deleted": 0.0, "variables": { "x": 320.0, "flipX": 0.0, "y": 384.0, "flipY": 0.0 }, "object": 752.0 }, { "layer": 0.0, "deleted": 0.0, "variables": { "x": 352.0, "flipX": 0.0, "y": 384.0, "flipY": 0.0 }, "object": 752.0 }, { "layer": 0.0, "deleted": 0.0, "variables": { "x": 384.0, "flipX": 0.0, "y": 384.0, "flipY": 0.0 }, "object": 752.0 }, { "layer": 0.0, "deleted": 0.0, "variables": { "x": 416.0, "flipX": 0.0, "y": 384.0, "flipY": 0.0 }, "object": 752.0 }, { "layer": 0.0, "deleted": 0.0, "variables": { "x": 448.0, "flipX": 0.0, "y": 384.0, "flipY": 0.0 }, "object": 752.0 }, { "layer": 0.0, "deleted": 0.0, "variables": { "x": 480.0, "flipX": 0.0, "y": 384.0, "flipY": 0.0 }, "object": 752.0 }, { "layer": 0.0, "deleted": 0.0, "variables": { "x": 512.0, "flipX": 0.0, "y": 384.0, "flipY": 0.0 }, "object": 752.0 }, { "layer": 0.0, "deleted": 0.0, "variables": { "x": 544.0, "flipX": 0.0, "y": 384.0, "flipY": 0.0 }, "object": 752.0 }, { "layer": 0.0, "deleted": 0.0, "variables": { "x": 576.0, "flipX": 0.0, "y": 384.0, "flipY": 0.0 }, "object": 752.0 }, { "layer": 0.0, "deleted": 0.0, "variables": { "x": 608.0, "flipX": 0.0, "y": 384.0, "flipY": 0.0 }, "object": 752.0 }, { "layer": 0.0, "deleted": 0.0, "variables": { "x": 640.0, "flipX": 0.0, "y": 384.0, "flipY": 0.0 }, "object": 752.0 }, { "layer": 0.0, "deleted": 0.0, "variables": { "x": 672.0, "flipX": 0.0, "y": 384.0, "flipY": 0.0 }, "object": 752.0 }, { "layer": 0.0, "deleted": 0.0, "variables": { "x": 704.0, "flipX": 0.0, "y": 384.0, "flipY": 0.0 }, "object": 752.0 }, { "layer": 0.0, "deleted": 0.0, "variables": { "x": 736.0, "flipX": 0.0, "y": 384.0, "flipY": 0.0 }, "object": 752.0 }, { "layer": 0.0, "deleted": 0.0, "variables": { "x": 768.0, "flipX": 0.0, "y": 384.0, "flipY": 0.0 }, "object": 752.0 }, { "layer": 0.0, "deleted": 0.0, "variables": { "x": 768.0, "flipX": 0.0, "y": 416.0, "flipY": 0.0 }, "object": 752.0 }, { "layer": 0.0, "deleted": 0.0, "variables": { "x": 800.0, "flipX": 0.0, "y": 416.0, "flipY": 0.0 }, "object": 752.0 }, { "layer": 0.0, "deleted": 0.0, "variables": { "x": 832.0, "flipX": 0.0, "y": 416.0, "flipY": 0.0 }, "object": 752.0 }, { "layer": 0.0, "deleted": 0.0, "variables": { "x": 864.0, "flipX": 0.0, "y": 416.0, "flipY": 0.0 }, "object": 752.0 }, { "layer": 0.0, "deleted": 0.0, "variables": { "x": 896.0, "flipX": 0.0, "y": 416.0, "flipY": 0.0 }, "object": 752.0 }, { "layer": 0.0, "deleted": 0.0, "variables": { "x": 256.0, "flipX": 0.0, "content": "obj_pizzakinshroom", "flipY": 0.0, "y": 448.0 }, "object": 751.0 }, { "layer": 0.0, "deleted": 0.0, "variables": { "x": 928.0, "y": 224.0, "targetRoom": "END", "image_xscale": 1.0, "image_yscale": 1.0, "flipX": 1.0, "flipY": 0.0 }, "object": 440.0 } ], "tile_data": { "5": { "160_384": { "coord": [ 5.0, 12.0 ], "autotile_index": 0.0, "tileset": "spr_entrancedeco", "autotile": 0.0 }, "448_32": { "autotile": 1.0, "autotile_index": 1.0, "tileset": "tile_entrance1", "coord": [ 5.0, 6.0 ] }, "640_0": { "autotile": 1.0, "autotile_index": 1.0, "tileset": "tile_entrance1", "coord": [ 7.0, 5.0 ] }, "864_32": { "autotile": 1.0, "autotile_index": 1.0, "tileset": "tile_entrance1", "coord": [ 5.0, 6.0 ] }, "896_480": { "autotile": 1.0, "autotile_index": 1.0, "tileset": "tile_entrance1", "coord": [ 5.0, 4.0 ] }, "672_512": { "autotile": 1.0, "autotile_index": 1.0, "tileset": "tile_entrance1", "coord": [ 7.0, 5.0 ] }, "480_480": { "autotile": 1.0, "autotile_index": 1.0, "tileset": "tile_entrance1", "coord": [ 7.0, 5.0 ] }, "256_512": { "autotile": 1.0, "autotile_index": 1.0, "tileset": "tile_entrance1", "coord": [ 7.0, 5.0 ] }, "832_448": { "autotile": 1.0, "autotile_index": 1.0, "tileset": "tile_entrance1", "coord": [ 7.0, 8.0 ] }, "64_480": { "autotile": 1.0, "autotile_index": 1.0, "tileset": "tile_entrance1", "coord": [ 5.0, 4.0 ] }, "1280_32": { "autotile": 1.0, "autotile_index": 0.0, "tileset": "tile_entrance1", "coord": [ 0.0, 0.0 ] }, "1088_0": { "autotile": 1.0, "autotile_index": 0.0, "tileset": "tile_entrance1", "coord": [ 0.0, 0.0 ] }, "128_0": { "autotile": 1.0, "autotile_index": 1.0, "tileset": "tile_entrance1", "coord": [ 7.0, 5.0 ] }, "192_448": { "coord": [ 6.0, 14.0 ], "autotile_index": 0.0, "tileset": "spr_entrancedeco", "autotile": 0.0 }, "352_32": { "autotile": 1.0, "autotile_index": 1.0, "tileset": "tile_entrance1", "coord": [ 5.0, 6.0 ] }, "544_0": { "autotile": 1.0, "autotile_index": 1.0, "tileset": "tile_entrance1", "coord": [ 7.0, 5.0 ] }, "768_32": { "autotile": 1.0, "autotile_index": 1.0, "tileset": "tile_entrance1", "coord": [ 5.0, 6.0 ] }, "992_480": { "autotile": 1.0, "autotile_index": 1.0, "tileset": "tile_entrance1", "coord": [ 0.0, 0.0 ] }, "768_512": { "autotile": 1.0, "autotile_index": 1.0, "tileset": "tile_entrance1", "coord": [ 7.0, 5.0 ] }, "576_480": { "autotile": 1.0, "autotile_index": 1.0, "tileset": "tile_entrance1", "coord": [ 5.0, 4.0 ] }, "352_512": { "autotile": 1.0, "autotile_index": 1.0, "tileset": "tile_entrance1", "coord": [ 7.0, 4.0 ] }, "160_480": { "autotile": 1.0, "autotile_index": 1.0, "tileset": "tile_entrance1", "coord": [ 5.0, 4.0 ] }, "-32_480": { "autotile": 1.0, "autotile_index": 1.0, "tileset": "tile_entrance1", "coord": [ 0.0, 0.0 ] }, "1184_0": { "autotile": 1.0, "autotile_index": 0.0, "tileset": "tile_entrance1", "coord": [ 0.0, 0.0 ] }, "960_32": { "autotile": 1.0, "autotile_index": 1.0, "tileset": "tile_entrance1", "coord": [ 0.0, 0.0 ] }, "448_448": { "autotile": 1.0, "autotile_index": 1.0, "tileset": "tile_entrance1", "coord": [ 5.0, 4.0 ] }, "512_352": { "coord": [ 3.0, 12.0 ], "autotile_index": 0.0, "tileset": "spr_exittile", "autotile": 0.0 }, "32_0": { "autotile": 1.0, "autotile_index": 1.0, "tileset": "tile_entrance1", "coord": [ 7.0, 5.0 ] }, "256_384": { "coord": [ 8.0, 12.0 ], "autotile_index": 0.0, "tileset": "spr_entrancedeco", "autotile": 0.0 }, "256_32": { "autotile": 1.0, "autotile_index": 1.0, "tileset": "tile_entrance1", "coord": [ 5.0, 6.0 ] }, "160_352": { "coord": [ 5.0, 11.0 ], "autotile_index": 0.0, "tileset": "spr_entrancedeco", "autotile": 0.0 }, "448_0": { "autotile": 1.0, "autotile_index": 1.0, "tileset": "tile_entrance1", "coord": [ 7.0, 5.0 ] }, "672_32": { "autotile": 1.0, "autotile_index": 1.0, "tileset": "tile_entrance1", "coord": [ 5.0, 6.0 ] }, "864_0": { "autotile": 1.0, "autotile_index": 1.0, "tileset": "tile_entrance1", "coord": [ 7.0, 5.0 ] }, "864_512": { "autotile": 1.0, "autotile_index": 1.0, "tileset": "tile_entrance1", "coord": [ 7.0, 5.0 ] }, "672_480": { "autotile": 1.0, "autotile_index": 1.0, "tileset": "tile_entrance1", "coord": [ 5.0, 4.0 ] }, "448_512": { "autotile": 1.0, "autotile_index": 1.0, "tileset": "tile_entrance1", "coord": [ 7.0, 4.0 ] }, "256_480": { "autotile": 1.0, "autotile_index": 1.0, "tileset": "tile_entrance1", "coord": [ 5.0, 4.0 ] }, "800_448": { "autotile": 1.0, "autotile_index": 1.0, "tileset": "tile_entrance1", "coord": [ 5.0, 4.0 ] }, "32_512": { "autotile": 1.0, "autotile_index": 1.0, "tileset": "tile_entrance1", "coord": [ 7.0, 5.0 ] }, "1280_0": { "autotile": 1.0, "autotile_index": 0.0, "tileset": "tile_entrance1", "coord": [ 0.0, 0.0 ] }, "1056_32": { "autotile": 1.0, "autotile_index": 1.0, "tileset": "tile_entrance1", "coord": [ 0.0, 0.0 ] }, "160_32": { "autotile": 1.0, "autotile_index": 1.0, "tileset": "tile_entrance1", "coord": [ 5.0, 6.0 ] }, "192_416": { "coord": [ 6.0, 13.0 ], "autotile_index": 0.0, "tileset": "spr_entrancedeco", "autotile": 0.0 }, "352_0": { "autotile": 1.0, "autotile_index": 1.0, "tileset": "tile_entrance1", "coord": [ 7.0, 5.0 ] }, "576_32": { "autotile": 1.0, "autotile_index": 1.0, "tileset": "tile_entrance1", "coord": [ 5.0, 6.0 ] }, "768_0": { "autotile": 1.0, "autotile_index": 1.0, "tileset": "tile_entrance1", "coord": [ 7.0, 5.0 ] }, "960_512": { "autotile": 1.0, "autotile_index": 1.0, "tileset": "tile_entrance1", "coord": [ 0.0, 0.0 ] }, "768_480": { "autotile": 1.0, "autotile_index": 1.0, "tileset": "tile_entrance1", "coord": [ 7.0, 5.0 ] }, "544_512": { "autotile": 1.0, "autotile_index": 1.0, "tileset": "tile_entrance1", "coord": [ 7.0, 5.0 ] }, "352_480": { "autotile": 1.0, "autotile_index": 1.0, "tileset": "tile_entrance1", "coord": [ 7.0, 5.0 ] }, "128_512": { "autotile": 1.0, "autotile_index": 1.0, "tileset": "tile_entrance1", "coord": [ 7.0, 5.0 ] }, "544_448": { "autotile": 1.0, "autotile_index": 1.0, "tileset": "tile_entrance1", "coord": [ 7.0, 8.0 ] }, "1152_32": { "autotile": 1.0, "autotile_index": 0.0, "tileset": "tile_entrance1", "coord": [ 0.0, 0.0 ] }, "960_0": { "autotile": 1.0, "autotile_index": 1.0, "tileset": "tile_entrance1", "coord": [ 0.0, 0.0 ] }, "416_448": { "autotile": 1.0, "autotile_index": 1.0, "tileset": "tile_entrance1", "coord": [ 5.0, 4.0 ] }, "480_384": { "coord": [ 2.0, 13.0 ], "autotile_index": 0.0, "tileset": "spr_exittile", "autotile": 0.0 }, "64_32": { "autotile": 1.0, "autotile_index": 1.0, "tileset": "tile_entrance1", "coord": [ 5.0, 6.0 ] }, "256_352": { "coord": [ 8.0, 11.0 ], "autotile_index": 0.0, "tileset": "spr_entrancedeco", "autotile": 0.0 }, "256_0": { "autotile": 1.0, "autotile_index": 1.0, "tileset": "tile_entrance1", "coord": [ 7.0, 5.0 ] }, "128_448": { "coord": [ 4.0, 14.0 ], "autotile_index": 0.0, "tileset": "spr_entrancedeco", "autotile": 0.0 }, "480_32": { "autotile": 1.0, "autotile_index": 1.0, "tileset": "tile_entrance1", "coord": [ 5.0, 6.0 ] }, "672_0": { "autotile": 1.0, "autotile_index": 1.0, "tileset": "tile_entrance1", "coord": [ 7.0, 5.0 ] }, "928_32": { "autotile": 1.0, "autotile_index": 1.0, "tileset": "tile_entrance1", "coord": [ 5.0, 6.0 ] }, "864_480": { "autotile": 1.0, "autotile_index": 1.0, "tileset": "tile_entrance1", "coord": [ 5.0, 4.0 ] }, "640_512": { "autotile": 1.0, "autotile_index": 1.0, "tileset": "tile_entrance1", "coord": [ 7.0, 5.0 ] }, "448_480": { "autotile": 1.0, "autotile_index": 1.0, "tileset": "tile_entrance1", "coord": [ 7.0, 5.0 ] }, "224_512": { "autotile": 1.0, "autotile_index": 1.0, "tileset": "tile_entrance1", "coord": [ 7.0, 5.0 ] }, "768_448": { "autotile": 1.0, "autotile_index": 1.0, "tileset": "tile_entrance1", "coord": [ 5.0, 4.0 ] }, "32_480": { "autotile": 1.0, "autotile_index": 1.0, "tileset": "tile_entrance1", "coord": [ 5.0, 4.0 ] }, "1248_32": { "autotile": 1.0, "autotile_index": 0.0, "tileset": "tile_entrance1", "coord": [ 0.0, 0.0 ] }, "1056_0": { "autotile": 1.0, "autotile_index": 1.0, "tileset": "tile_entrance1", "coord": [ 0.0, 0.0 ] }, "160_0": { "autotile": 1.0, "autotile_index": 1.0, "tileset": "tile_entrance1", "coord": [ 7.0, 5.0 ] }, "192_384": { "coord": [ 6.0, 12.0 ], "autotile_index": 0.0, "tileset": "spr_entrancedeco", "autotile": 0.0 }, "384_32": { "autotile": 1.0, "autotile_index": 1.0, "tileset": "tile_entrance1", "coord": [ 5.0, 6.0 ] }, "576_0": { "autotile": 1.0, "autotile_index": 1.0, "tileset": "tile_entrance1", "coord": [ 7.0, 5.0 ] }, "800_32": { "autotile": 1.0, "autotile_index": 1.0, "tileset": "tile_entrance1", "coord": [ 5.0, 6.0 ] }, "960_480": { "autotile": 1.0, "autotile_index": 1.0, "tileset": "tile_entrance1", "coord": [ 0.0, 0.0 ] }, "736_512": { "autotile": 1.0, "autotile_index": 1.0, "tileset": "tile_entrance1", "coord": [ 7.0, 5.0 ] }, "544_480": { "autotile": 1.0, "autotile_index": 1.0, "tileset": "tile_entrance1", "coord": [ 4.0, 3.0 ] }, "320_512": { "autotile": 1.0, "autotile_index": 1.0, "tileset": "tile_entrance1", "coord": [ 7.0, 5.0 ] }, "128_480": { "autotile": 1.0, "autotile_index": 1.0, "tileset": "tile_entrance1", "coord": [ 5.0, 4.0 ] }, "320_448": { "autotile": 1.0, "autotile_index": 1.0, "tileset": "tile_entrance1", "coord": [ 5.0, 4.0 ] }, "1152_0": { "autotile": 1.0, "autotile_index": 0.0, "tileset": "tile_entrance1", "coord": [ 0.0, 0.0 ] }, "384_448": { "autotile": 1.0, "autotile_index": 1.0, "tileset": "tile_entrance1", "coord": [ 5.0, 4.0 ] }, "480_352": { "coord": [ 2.0, 12.0 ], "autotile_index": 0.0, "tileset": "spr_exittile", "autotile": 0.0 }, "64_0": { "autotile": 1.0, "autotile_index": 1.0, "tileset": "tile_entrance1", "coord": [ 7.0, 5.0 ] }, "224_448": { "coord": [ 7.0, 14.0 ], "autotile_index": 0.0, "tileset": "spr_entrancedeco", "autotile": 0.0 }, "288_32": { "autotile": 1.0, "autotile_index": 1.0, "tileset": "tile_entrance1", "coord": [ 5.0, 6.0 ] }, "128_416": { "coord": [ 4.0, 13.0 ], "autotile_index": 0.0, "tileset": "spr_entrancedeco", "autotile": 0.0 }, "480_0": { "autotile": 1.0, "autotile_index": 1.0, "tileset": "tile_entrance1", "coord": [ 7.0, 5.0 ] }, "704_32": { "autotile": 1.0, "autotile_index": 1.0, "tileset": "tile_entrance1", "coord": [ 5.0, 6.0 ] }, "928_0": { "autotile": 1.0, "autotile_index": 1.0, "tileset": "tile_entrance1", "coord": [ 7.0, 5.0 ] }, "832_512": { "autotile": 1.0, "autotile_index": 1.0, "tileset": "tile_entrance1", "coord": [ 7.0, 5.0 ] }, "640_480": { "autotile": 1.0, "autotile_index": 1.0, "tileset": "tile_entrance1", "coord": [ 5.0, 4.0 ] }, "416_512": { "autotile": 1.0, "autotile_index": 1.0, "tileset": "tile_entrance1", "coord": [ 7.0, 4.0 ] }, "224_480": { "autotile": 1.0, "autotile_index": 1.0, "tileset": "tile_entrance1", "coord": [ 5.0, 4.0 ] }, "736_448": { "autotile": 1.0, "autotile_index": 1.0, "tileset": "tile_entrance1", "coord": [ 6.0, 8.0 ] }, "0_512": { "autotile": 1.0, "autotile_index": 1.0, "tileset": "tile_entrance1", "coord": [ 7.0, 5.0 ] }, "1248_0": { "autotile": 1.0, "autotile_index": 0.0, "tileset": "tile_entrance1", "coord": [ 0.0, 0.0 ] }, "1024_32": { "autotile": 1.0, "autotile_index": 1.0, "tileset": "tile_entrance1", "coord": [ 0.0, 0.0 ] }, "512_416": { "coord": [ 3.0, 14.0 ], "autotile_index": 0.0, "tileset": "spr_exittile", "autotile": 0.0 }, "192_32": { "autotile": 1.0, "autotile_index": 1.0, "tileset": "tile_entrance1", "coord": [ 5.0, 6.0 ] }, "192_352": { "coord": [ 6.0, 11.0 ], "autotile_index": 0.0, "tileset": "spr_entrancedeco", "autotile": 0.0 }, "384_0": { "autotile": 1.0, "autotile_index": 1.0, "tileset": "tile_entrance1", "coord": [ 7.0, 5.0 ] }, "608_32": { "autotile": 1.0, "autotile_index": 1.0, "tileset": "tile_entrance1", "coord": [ 5.0, 6.0 ] }, "800_0": { "autotile": 1.0, "autotile_index": 1.0, "tileset": "tile_entrance1", "coord": [ 7.0, 5.0 ] }, "928_512": { "autotile": 1.0, "autotile_index": 1.0, "tileset": "tile_entrance1", "coord": [ 7.0, 5.0 ] }, "736_480": { "autotile": 1.0, "autotile_index": 1.0, "tileset": "tile_entrance1", "coord": [ 6.0, 3.0 ] }, "512_512": { "autotile": 1.0, "autotile_index": 1.0, "tileset": "tile_entrance1", "coord": [ 7.0, 5.0 ] }, "320_480": { "autotile": 1.0, "autotile_index": 1.0, "tileset": "tile_entrance1", "coord": [ 7.0, 5.0 ] }, "96_512": { "autotile": 1.0, "autotile_index": 1.0, "tileset": "tile_entrance1", "coord": [ 7.0, 5.0 ] }, "288_448": { "autotile": 1.0, "autotile_index": 1.0, "tileset": "tile_entrance1", "coord": [ 6.0, 8.0 ] }, "1120_32": { "autotile": 1.0, "autotile_index": 0.0, "tileset": "tile_entrance1", "coord": [ 0.0, 0.0 ] }, "352_448": { "autotile": 1.0, "autotile_index": 1.0, "tileset": "tile_entrance1", "coord": [ 5.0, 4.0 ] }, "448_384": { "coord": [ 1.0, 13.0 ], "autotile_index": 0.0, "tileset": "spr_exittile", "autotile": 0.0 }, "96_32": { "autotile": 1.0, "autotile_index": 1.0, "tileset": "tile_entrance1", "coord": [ 5.0, 6.0 ] }, "224_416": { "coord": [ 7.0, 13.0 ], "autotile_index": 0.0, "tileset": "spr_entrancedeco", "autotile": 0.0 }, "288_0": { "autotile": 1.0, "autotile_index": 1.0, "tileset": "tile_entrance1", "coord": [ 7.0, 5.0 ] }, "128_384": { "coord": [ 4.0, 12.0 ], "autotile_index": 0.0, "tileset": "spr_entrancedeco", "autotile": 0.0 }, "512_32": { "autotile": 1.0, "autotile_index": 1.0, "tileset": "tile_entrance1", "coord": [ 5.0, 6.0 ] }, "704_0": { "autotile": 1.0, "autotile_index": 1.0, "tileset": "tile_entrance1", "coord": [ 7.0, 5.0 ] }, "896_32": { "autotile": 1.0, "autotile_index": 1.0, "tileset": "tile_entrance1", "coord": [ 5.0, 6.0 ] }, "832_480": { "autotile": 1.0, "autotile_index": 1.0, "tileset": "tile_entrance1", "coord": [ 4.0, 3.0 ] }, "608_512": { "autotile": 1.0, "autotile_index": 1.0, "tileset": "tile_entrance1", "coord": [ 7.0, 5.0 ] }, "416_480": { "autotile": 1.0, "autotile_index": 1.0, "tileset": "tile_entrance1", "coord": [ 7.0, 5.0 ] }, "192_512": { "autotile": 1.0, "autotile_index": 1.0, "tileset": "tile_entrance1", "coord": [ 7.0, 5.0 ] }, "-64_512": { "autotile": 1.0, "autotile_index": 1.0, "tileset": "tile_entrance1", "coord": [ 0.0, 0.0 ] }, "0_480": { "autotile": 1.0, "autotile_index": 1.0, "tileset": "tile_entrance1", "coord": [ 5.0, 4.0 ] }, "1216_32": { "autotile": 1.0, "autotile_index": 0.0, "tileset": "tile_entrance1", "coord": [ 0.0, 0.0 ] }, "1024_0": { "autotile": 1.0, "autotile_index": 1.0, "tileset": "tile_entrance1", "coord": [ 0.0, 0.0 ] }, "480_416": { "coord": [ 2.0, 14.0 ], "autotile_index": 0.0, "tileset": "spr_exittile", "autotile": 0.0 }, "0_32": { "autotile": 1.0, "autotile_index": 1.0, "tileset": "tile_entrance1", "coord": [ 5.0, 6.0 ] }, "192_0": { "autotile": 1.0, "autotile_index": 1.0, "tileset": "tile_entrance1", "coord": [ 7.0, 5.0 ] }, "160_448": { "coord": [ 5.0, 14.0 ], "autotile_index": 0.0, "tileset": "spr_entrancedeco", "autotile": 0.0 }, "416_32": { "autotile": 1.0, "autotile_index": 1.0, "tileset": "tile_entrance1", "coord": [ 5.0, 6.0 ] }, "608_0": { "autotile": 1.0, "autotile_index": 1.0, "tileset": "tile_entrance1", "coord": [ 7.0, 5.0 ] }, "832_32": { "autotile": 1.0, "autotile_index": 1.0, "tileset": "tile_entrance1", "coord": [ 5.0, 6.0 ] }, "928_480": { "autotile": 1.0, "autotile_index": 1.0, "tileset": "tile_entrance1", "coord": [ 5.0, 4.0 ] }, "704_512": { "autotile": 1.0, "autotile_index": 1.0, "tileset": "tile_entrance1", "coord": [ 7.0, 5.0 ] }, "512_480": { "autotile": 1.0, "autotile_index": 1.0, "tileset": "tile_entrance1", "coord": [ 7.0, 5.0 ] }, "288_512": { "autotile": 1.0, "autotile_index": 1.0, "tileset": "tile_entrance1", "coord": [ 7.0, 5.0 ] }, "96_480": { "autotile": 1.0, "autotile_index": 1.0, "tileset": "tile_entrance1", "coord": [ 5.0, 4.0 ] }, "1312_32": { "autotile": 1.0, "autotile_index": 0.0, "tileset": "tile_entrance1", "coord": [ 0.0, 0.0 ] }, "1120_0": { "autotile": 1.0, "autotile_index": 0.0, "tileset": "tile_entrance1", "coord": [ 0.0, 0.0 ] }, "448_352": { "coord": [ 1.0, 12.0 ], "autotile_index": 0.0, "tileset": "spr_exittile", "autotile": 0.0 }, "96_0": { "autotile": 1.0, "autotile_index": 1.0, "tileset": "tile_entrance1", "coord": [ 7.0, 5.0 ] }, "224_384": { "coord": [ 7.0, 12.0 ], "autotile_index": 0.0, "tileset": "spr_entrancedeco", "autotile": 0.0 }, "320_32": { "autotile": 1.0, "autotile_index": 1.0, "tileset": "tile_entrance1", "coord": [ 5.0, 6.0 ] }, "128_352": { "coord": [ 4.0, 11.0 ], "autotile_index": 0.0, "tileset": "spr_entrancedeco", "autotile": 0.0 }, "512_0": { "autotile": 1.0, "autotile_index": 1.0, "tileset": "tile_entrance1", "coord": [ 7.0, 5.0 ] }, "736_32": { "autotile": 1.0, "autotile_index": 1.0, "tileset": "tile_entrance1", "coord": [ 5.0, 6.0 ] }, "896_0": { "autotile": 1.0, "autotile_index": 1.0, "tileset": "tile_entrance1", "coord": [ 7.0, 5.0 ] }, "800_512": { "autotile": 1.0, "autotile_index": 1.0, "tileset": "tile_entrance1", "coord": [ 7.0, 5.0 ] }, "608_480": { "autotile": 1.0, "autotile_index": 1.0, "tileset": "tile_entrance1", "coord": [ 5.0, 4.0 ] }, "384_512": { "autotile": 1.0, "autotile_index": 1.0, "tileset": "tile_entrance1", "coord": [ 7.0, 4.0 ] }, "192_480": { "autotile": 1.0, "autotile_index": 1.0, "tileset": "tile_entrance1", "coord": [ 5.0, 4.0 ] }, "-64_480": { "autotile": 1.0, "autotile_index": 1.0, "tileset": "tile_entrance1", "coord": [ 0.0, 0.0 ] }, "1216_0": { "autotile": 1.0, "autotile_index": 0.0, "tileset": "tile_entrance1", "coord": [ 0.0, 0.0 ] }, "992_32": { "autotile": 1.0, "autotile_index": 1.0, "tileset": "tile_entrance1", "coord": [ 0.0, 0.0 ] }, "448_416": { "coord": [ 1.0, 14.0 ], "autotile_index": 0.0, "tileset": "spr_exittile", "autotile": 0.0 }, "512_448": { "autotile": 1.0, "autotile_index": 1.0, "tileset": "tile_entrance1", "coord": [ 5.0, 4.0 ] }, "0_0": { "autotile": 1.0, "autotile_index": 1.0, "tileset": "tile_entrance1", "coord": [ 7.0, 5.0 ] }, "256_448": { "coord": [ 8.0, 14.0 ], "autotile_index": 0.0, "tileset": "spr_entrancedeco", "autotile": 0.0 }, "224_32": { "autotile": 1.0, "autotile_index": 1.0, "tileset": "tile_entrance1", "coord": [ 5.0, 6.0 ] }, "160_416": { "coord": [ 5.0, 13.0 ], "autotile_index": 0.0, "tileset": "spr_entrancedeco", "autotile": 0.0 }, "416_0": { "autotile": 1.0, "autotile_index": 1.0, "tileset": "tile_entrance1", "coord": [ 7.0, 5.0 ] }, "640_32": { "autotile": 1.0, "autotile_index": 1.0, "tileset": "tile_entrance1", "coord": [ 5.0, 6.0 ] }, "832_0": { "autotile": 1.0, "autotile_index": 1.0, "tileset": "tile_entrance1", "coord": [ 7.0, 5.0 ] }, "896_512": { "autotile": 1.0, "autotile_index": 1.0, "tileset": "tile_entrance1", "coord": [ 7.0, 5.0 ] }, "704_480": { "autotile": 1.0, "autotile_index": 1.0, "tileset": "tile_entrance1", "coord": [ 5.0, 4.0 ] }, "480_512": { "autotile": 1.0, "autotile_index": 1.0, "tileset": "tile_entrance1", "coord": [ 7.0, 4.0 ] }, "288_480": { "autotile": 1.0, "autotile_index": 1.0, "tileset": "tile_entrance1", "coord": [ 6.0, 3.0 ] }, "64_512": { "autotile": 1.0, "autotile_index": 1.0, "tileset": "tile_entrance1", "coord": [ 7.0, 5.0 ] }, "1312_0": { "autotile": 1.0, "autotile_index": 0.0, "tileset": "tile_entrance1", "coord": [ 0.0, 0.0 ] }, "1088_32": { "autotile": 1.0, "autotile_index": 0.0, "tileset": "tile_entrance1", "coord": [ 0.0, 0.0 ] }, "128_32": { "autotile": 1.0, "autotile_index": 1.0, "tileset": "tile_entrance1", "coord": [ 5.0, 6.0 ] }, "224_352": { "coord": [ 7.0, 11.0 ], "autotile_index": 0.0, "tileset": "spr_entrancedeco", "autotile": 0.0 }, "320_0": { "autotile": 1.0, "autotile_index": 1.0, "tileset": "tile_entrance1", "coord": [ 7.0, 5.0 ] }, "544_32": { "autotile": 1.0, "autotile_index": 1.0, "tileset": "tile_entrance1", "coord": [ 5.0, 6.0 ] }, "736_0": { "autotile": 1.0, "autotile_index": 1.0, "tileset": "tile_entrance1", "coord": [ 7.0, 5.0 ] }, "992_512": { "autotile": 1.0, "autotile_index": 1.0, "tileset": "tile_entrance1", "coord": [ 0.0, 0.0 ] }, "800_480": { "autotile": 1.0, "autotile_index": 1.0, "tileset": "tile_entrance1", "coord": [ 7.0, 5.0 ] }, "576_512": { "autotile": 1.0, "autotile_index": 1.0, "tileset": "tile_entrance1", "coord": [ 7.0, 5.0 ] }, "384_480": { "autotile": 1.0, "autotile_index": 1.0, "tileset": "tile_entrance1", "coord": [ 7.0, 5.0 ] }, "160_512": { "autotile": 1.0, "autotile_index": 1.0, "tileset": "tile_entrance1", "coord": [ 7.0, 5.0 ] }, "-32_512": { "autotile": 1.0, "autotile_index": 1.0, "tileset": "tile_entrance1", "coord": [ 0.0, 0.0 ] }, "1184_32": { "autotile": 1.0, "autotile_index": 0.0, "tileset": "tile_entrance1", "coord": [ 0.0, 0.0 ] }, "992_0": { "autotile": 1.0, "autotile_index": 1.0, "tileset": "tile_entrance1", "coord": [ 0.0, 0.0 ] }, "480_448": { "autotile": 1.0, "autotile_index": 1.0, "tileset": "tile_entrance1", "coord": [ 5.0, 4.0 ] }, "512_384": { "coord": [ 3.0, 13.0 ], "autotile_index": 0.0, "tileset": "spr_exittile", "autotile": 0.0 }, "32_32": { "autotile": 1.0, "autotile_index": 1.0, "tileset": "tile_entrance1", "coord": [ 5.0, 6.0 ] }, "256_416": { "coord": [ 8.0, 13.0 ], "autotile_index": 0.0, "tileset": "spr_entrancedeco", "autotile": 0.0 }, "224_0": { "autotile": 1.0, "autotile_index": 1.0, "tileset": "tile_entrance1", "coord": [ 7.0, 5.0 ] } } }, "backgrounds": { "5": { "x": 508.0, "scroll_x": 0.80000000000000004440892098500626, "tile_y": 0.0, "hspeed": 0.0, "scroll_y": 0.80000000000000004440892098500626, "panic_sprite": -1.0, "y": 100.0, "sprite": "bg_johnentrance", "tile_x": 1.0, "vspeed": 0.0, "image_speed": "15" }, "6": { "x": -2.0, "scroll_x": 0.75, "tile_y": 1.0, "hspeed": 0.0, "scroll_y": 0.75, "panic_sprite": -1.0, "y": 33.0, "sprite": "bg_tower", "tile_x": 1.0, "vspeed": 0.0, "image_speed": 0.0 }, "-1": { "x": -1.0, "scroll_x": 1.5, "tile_y": 0.0, "hspeed": 0.0, "scroll_y": 1.3000000000000000444089209850063, "panic_sprite": -1.0, "y": 211.0, "sprite": "fg_entrance1", "tile_x": 1.0, "vspeed": 0.0, "image_speed": 0.0 } }, "properties": { "songTransitionTime": 100.0, "roomX": 0.0, "levelWidth": 960.0, "roomY": 0.0, "levelHeight": 540.0, "song": "" } }