{ "editorVersion": 5.0, "instances": [ { "layer": 0.0, "deleted": 0.0, "variables": { "x": -32.0, "y": 256.0, "image_xscale": 14.0, "image_yscale": 9.0, "flipX": 0.0, "flipY": 0.0 }, "object": 517.0 }, { "layer": 0.0, "deleted": 0.0, "variables": { "x": 512.0, "y": 0.0, "image_xscale": 15.0, "image_yscale": 10.0, "flipX": 0.0, "flipY": 0.0 }, "object": 517.0 }, { "layer": 0.0, "deleted": 0.0, "variables": { "x": -32.0, "y": 0.0, "image_xscale": 17.0, "image_yscale": 1.0, "flipX": 0.0, "flipY": 0.0 }, "object": 517.0 }, { "layer": 0.0, "deleted": 0.0, "variables": { "x": 416.0, "y": 512.0, "image_xscale": 18.0, "image_yscale": 1.0, "flipX": 0.0, "flipY": 0.0 }, "object": 517.0 }, { "layer": 0.0, "deleted": 0.0, "variables": { "x": 416.0, "y": 256.0, "image_xscale": 3.0, "image_yscale": 1.0, "flipX": 0.0, "flipY": 0.0 }, "object": 722.0 }, { "layer": 0.0, "deleted": 0.0, "variables": { "x": 448.0, "y": 250.0, "image_xscale": 1.0, "image_yscale": 8.1875, "flipX": 0.0, "flipY": 0.0 }, "object": 724.0 }, { "layer": 0.0, "deleted": 0.0, "variables": { "x": 608.0, "flipX": 1.0, "y": 466.5, "flipY": 0.0 }, "object": 668.0 }, { "layer": 0.0, "deleted": 0.0, "variables": { "x": 0.0, "flipX": 0.0, "y": 224.0, "flipY": 0.0 }, "object": 805.0 }, { "layer": 0.0, "deleted": 0.0, "variables": { "x": 960.0, "y": 320.0, "targetRoom": "END", "image_xscale": 1.0, "image_yscale": 3.0, "flipX": 0.0, "flipY": 0.0, "targetDoor": "B" }, "object": 801.0 }, { "layer": 0.0, "deleted": 0.0, "variables": { "x": 928.0, "flipX": 0.0, "y": 480.0, "flipY": 0.0 }, "object": 806.0 }, { "layer": 0.0, "deleted": 0.0, "variables": { "x": -32.0, "y": 31.0, "targetRoom": "room4", "image_xscale": 1.0, "image_yscale": 3.515625, "flipX": 0.0, "flipY": 0.0, "targetDoor": "C" }, "object": 801.0 }, { "layer": 0.0, "deleted": 0.0, "variables": { "x": 608.0, "y": 371.0, "image_xscale": 1.0, "image_yscale": 1.0, "escape": "true", "flipX": 1.0, "flipY": 0.0 }, "object": 668.0 }, { "layer": 0.0, "deleted": 0.0, "variables": { "x": 736.0, "flipX": 0.0, "y": 416.0, "flipY": 0.0 }, "object": 752.0 }, { "layer": 0.0, "deleted": 0.0, "variables": { "x": 800.0, "flipX": 0.0, "y": 416.0, "flipY": 0.0 }, "object": 752.0 }, { "layer": 0.0, "deleted": 0.0, "variables": { "x": 864.0, "flipX": 0.0, "y": 416.0, "flipY": 0.0 }, "object": 752.0 }, { "layer": 0.0, "deleted": 0.0, "variables": { "x": 928.0, "flipX": 0.0, "y": 416.0, "flipY": 0.0 }, "object": 752.0 }, { "layer": 0.0, "deleted": 0.0, "variables": { "x": 832.0, "flipX": 0.0, "content": "obj_pizzakinpineapple", "flipY": 0.0, "y": 480.0 }, "object": 751.0 } ], "tile_data": { "5": { "448_288": { "coord": [ 3.0, 21.0 ], "autotile_index": 0.0, "tileset": "spr_entrancedeco", "autotile": 0.0 }, "640_0": { "coord": [ 7.0, 4.0 ], "autotile_index": 0.0, "tileset": "tile_entrance1", "autotile": 1.0 }, "672_544": { "coord": [ 0.0, 0.0 ], "autotile_index": 0.0, "tileset": "tile_entrance1", "autotile": 1.0 }, "896_192": { "coord": [ 7.0, 4.0 ], "autotile_index": 0.0, "tileset": "tile_entrance1", "autotile": 1.0 }, "288_-32": { "coord": [ 0.0, 0.0 ], "autotile_index": 0.0, "tileset": "tile_entrance1", "autotile": 1.0 }, "96_288": { "autotile": 1.0, "autotile_index": 0.0, "tileset": "tile_entrance1", "coord": [ 7.0, 5.0 ] }, "64_480": { "autotile": 1.0, "autotile_index": 0.0, "tileset": "tile_entrance1", "coord": [ 7.0, 4.0 ] }, "768_64": { "coord": [ 7.0, 4.0 ], "autotile_index": 0.0, "tileset": "tile_entrance1", "autotile": 1.0 }, "896_256": { "coord": [ 7.0, 5.0 ], "autotile_index": 0.0, "tileset": "tile_entrance1", "autotile": 1.0 }, "512_-96": { "coord": [ 0.0, 0.0 ], "autotile_index": 0.0, "tileset": "tile_entrance1", "autotile": 1.0 }, "0_384": { "autotile": 1.0, "autotile_index": 0.0, "tileset": "tile_entrance1", "coord": [ 7.0, 4.0 ] }, "192_448": { "autotile": 1.0, "autotile_index": 0.0, "tileset": "tile_entrance1", "coord": [ 7.0, 4.0 ] }, "544_192": { "coord": [ 7.0, 5.0 ], "autotile_index": 0.0, "tileset": "tile_entrance1", "autotile": 1.0 }, "768_32": { "coord": [ 7.0, 4.0 ], "autotile_index": 0.0, "tileset": "tile_entrance1", "autotile": 1.0 }, "256_256": { "autotile": 1.0, "autotile_index": 0.0, "tileset": "tile_entrance1", "coord": [ 5.0, 4.0 ] }, "768_512": { "coord": [ 5.0, 4.0 ], "autotile_index": 0.0, "tileset": "tile_entrance1", "autotile": 1.0 }, "448_544": { "coord": [ 0.0, 0.0 ], "autotile_index": 0.0, "tileset": "tile_entrance1", "autotile": 1.0 }, "832_128": { "coord": [ 7.0, 4.0 ], "autotile_index": 0.0, "tileset": "tile_entrance1", "autotile": 1.0 }, "512_160": { "coord": [ 4.0, 5.0 ], "autotile_index": 0.0, "tileset": "tile_entrance1", "autotile": 1.0 }, "352_512": { "coord": [ 7.0, 5.0 ], "autotile_index": 0.0, "tileset": "tile_entrance1", "autotile": 1.0 }, "576_-32": { "coord": [ 0.0, 0.0 ], "autotile_index": 0.0, "tileset": "tile_entrance1", "autotile": 1.0 }, "192_256": { "autotile": 1.0, "autotile_index": 0.0, "tileset": "tile_entrance1", "coord": [ 5.0, 4.0 ] }, "-32_480": { "autotile": 1.0, "autotile_index": 0.0, "tileset": "tile_entrance1", "coord": [ 0.0, 0.0 ] }, "704_64": { "coord": [ 7.0, 4.0 ], "autotile_index": 0.0, "tileset": "tile_entrance1", "autotile": 1.0 }, "768_288": { "coord": [ 5.0, 6.0 ], "autotile_index": 0.0, "tileset": "tile_entrance1", "autotile": 1.0 }, "64_384": { "autotile": 1.0, "autotile_index": 0.0, "tileset": "tile_entrance1", "coord": [ 7.0, 4.0 ] }, "32_0": { "coord": [ 5.0, 6.0 ], "autotile_index": 0.0, "tileset": "tile_entrance1", "autotile": 1.0 }, "-96_384": { "autotile": 1.0, "autotile_index": 0.0, "tileset": "tile_entrance1", "coord": [ 0.0, 0.0 ] }, "160_352": { "autotile": 1.0, "autotile_index": 0.0, "tileset": "tile_entrance1", "coord": [ 7.0, 4.0 ] }, "448_0": { "coord": [ 5.0, 6.0 ], "autotile_index": 0.0, "tileset": "tile_entrance1", "autotile": 1.0 }, "480_256": { "coord": [ 2.0, 21.0 ], "autotile_index": 0.0, "tileset": "spr_entrancedeco", "autotile": 0.0 }, "864_0": { "coord": [ 7.0, 4.0 ], "autotile_index": 0.0, "tileset": "tile_entrance1", "autotile": 1.0 }, "384_320": { "autotile": 1.0, "autotile_index": 0.0, "tileset": "tile_entrance1", "coord": [ 6.0, 5.0 ] }, "-96_-32": { "coord": [ 0.0, 0.0 ], "autotile_index": 0.0, "tileset": "tile_entrance1", "autotile": 1.0 }, "512_96": { "coord": [ 4.0, 5.0 ], "autotile_index": 0.0, "tileset": "tile_entrance1", "autotile": 1.0 }, "256_480": { "autotile": 1.0, "autotile_index": 0.0, "tileset": "tile_entrance1", "coord": [ 7.0, 4.0 ] }, "672_128": { "coord": [ 7.0, 4.0 ], "autotile_index": 0.0, "tileset": "tile_entrance1", "autotile": 1.0 }, "704_192": { "coord": [ 7.0, 4.0 ], "autotile_index": 0.0, "tileset": "tile_entrance1", "autotile": 1.0 }, "672_256": { "coord": [ 7.0, 5.0 ], "autotile_index": 0.0, "tileset": "tile_entrance1", "autotile": 1.0 }, "96_416": { "autotile": 1.0, "autotile_index": 0.0, "tileset": "tile_entrance1", "coord": [ 7.0, 4.0 ] }, "576_32": { "coord": [ 7.0, 4.0 ], "autotile_index": 0.0, "tileset": "tile_entrance1", "autotile": 1.0 }, "352_352": { "autotile": 1.0, "autotile_index": 0.0, "tileset": "tile_entrance1", "coord": [ 7.0, 5.0 ] }, "960_512": { "coord": [ 0.0, 0.0 ], "autotile_index": 0.0, "tileset": "tile_entrance1", "autotile": 1.0 }, "1024_544": { "coord": [ 0.0, 0.0 ], "autotile_index": 0.0, "tileset": "tile_entrance1", "autotile": 1.0 }, "896_96": { "coord": [ 7.0, 4.0 ], "autotile_index": 0.0, "tileset": "tile_entrance1", "autotile": 1.0 }, "544_512": { "coord": [ 5.0, 4.0 ], "autotile_index": 0.0, "tileset": "tile_entrance1", "autotile": 1.0 }, "128_-32": { "coord": [ 0.0, 0.0 ], "autotile_index": 0.0, "tileset": "tile_entrance1", "autotile": 1.0 }, "0_256": { "autotile": 1.0, "autotile_index": 0.0, "tileset": "tile_entrance1", "coord": [ 5.0, 4.0 ] }, "544_64": { "coord": [ 7.0, 5.0 ], "autotile_index": 0.0, "tileset": "tile_entrance1", "autotile": 1.0 }, "128_512": { "autotile": 1.0, "autotile_index": 0.0, "tileset": "tile_entrance1", "coord": [ 7.0, 4.0 ] }, "800_160": { "coord": [ 7.0, 4.0 ], "autotile_index": 0.0, "tileset": "tile_entrance1", "autotile": 1.0 }, "960_288": { "coord": [ 0.0, 0.0 ], "autotile_index": 0.0, "tileset": "tile_entrance1", "autotile": 1.0 }, "832_224": { "coord": [ 7.0, 4.0 ], "autotile_index": 0.0, "tileset": "tile_entrance1", "autotile": 1.0 }, "-32_320": { "autotile": 1.0, "autotile_index": 0.0, "tileset": "tile_entrance1", "coord": [ 0.0, 0.0 ] }, "800_544": { "coord": [ 0.0, 0.0 ], "autotile_index": 0.0, "tileset": "tile_entrance1", "autotile": 1.0 }, "256_352": { "autotile": 1.0, "autotile_index": 0.0, "tileset": "tile_entrance1", "coord": [ 7.0, 4.0 ] }, "256_0": { "coord": [ 5.0, 6.0 ], "autotile_index": 0.0, "tileset": "tile_entrance1", "autotile": 1.0 }, "224_320": { "autotile": 1.0, "autotile_index": 0.0, "tileset": "tile_entrance1", "coord": [ 7.0, 4.0 ] }, "608_160": { "coord": [ 7.0, 4.0 ], "autotile_index": 0.0, "tileset": "tile_entrance1", "autotile": 1.0 }, "672_0": { "coord": [ 7.0, 4.0 ], "autotile_index": 0.0, "tileset": "tile_entrance1", "autotile": 1.0 }, "608_544": { "coord": [ 0.0, 0.0 ], "autotile_index": 0.0, "tileset": "tile_entrance1", "autotile": 1.0 }, "864_192": { "coord": [ 7.0, 4.0 ], "autotile_index": 0.0, "tileset": "tile_entrance1", "autotile": 1.0 }, "448_480": { "coord": [ 3.0, 21.0 ], "autotile_index": 0.0, "tileset": "spr_entrancedeco", "autotile": 0.0 }, "352_-32": { "coord": [ 0.0, 0.0 ], "autotile_index": 0.0, "tileset": "tile_entrance1", "autotile": 1.0 }, "128_288": { "autotile": 1.0, "autotile_index": 0.0, "tileset": "tile_entrance1", "coord": [ 7.0, 5.0 ] }, "32_480": { "autotile": 1.0, "autotile_index": 0.0, "tileset": "tile_entrance1", "coord": [ 7.0, 4.0 ] }, "640_-32": { "coord": [ 0.0, 0.0 ], "autotile_index": 0.0, "tileset": "tile_entrance1", "autotile": 1.0 }, "864_256": { "coord": [ 7.0, 5.0 ], "autotile_index": 0.0, "tileset": "tile_entrance1", "autotile": 1.0 }, "512_-64": { "coord": [ 0.0, 0.0 ], "autotile_index": 0.0, "tileset": "tile_entrance1", "autotile": 1.0 }, "576_288": { "coord": [ 5.0, 6.0 ], "autotile_index": 0.0, "tileset": "tile_entrance1", "autotile": 1.0 }, "-32_384": { "autotile": 1.0, "autotile_index": 0.0, "tileset": "tile_entrance1", "coord": [ 0.0, 0.0 ] }, "192_384": { "autotile": 1.0, "autotile_index": 0.0, "tileset": "tile_entrance1", "coord": [ 7.0, 4.0 ] }, "576_224": { "coord": [ 7.0, 4.0 ], "autotile_index": 0.0, "tileset": "tile_entrance1", "autotile": 1.0 }, "800_32": { "coord": [ 7.0, 4.0 ], "autotile_index": 0.0, "tileset": "tile_entrance1", "autotile": 1.0 }, "288_256": { "autotile": 1.0, "autotile_index": 0.0, "tileset": "tile_entrance1", "coord": [ 5.0, 4.0 ] }, "736_512": { "coord": [ 5.0, 4.0 ], "autotile_index": 0.0, "tileset": "tile_entrance1", "autotile": 1.0 }, "-192_0": { "coord": [ 0.0, 0.0 ], "autotile_index": 0.0, "tileset": "tile_entrance1", "autotile": 1.0 }, "832_96": { "coord": [ 7.0, 4.0 ], "autotile_index": 0.0, "tileset": "tile_entrance1", "autotile": 1.0 }, "512_128": { "coord": [ 4.0, 5.0 ], "autotile_index": 0.0, "tileset": "tile_entrance1", "autotile": 1.0 }, "320_512": { "autotile": 1.0, "autotile_index": 0.0, "tileset": "tile_entrance1", "coord": [ 7.0, 4.0 ] }, "800_96": { "coord": [ 7.0, 4.0 ], "autotile_index": 0.0, "tileset": "tile_entrance1", "autotile": 1.0 }, "224_256": { "autotile": 1.0, "autotile_index": 0.0, "tileset": "tile_entrance1", "coord": [ 5.0, 4.0 ] }, "320_448": { "autotile": 1.0, "autotile_index": 0.0, "tileset": "tile_entrance1", "coord": [ 7.0, 4.0 ] }, "640_224": { "coord": [ 7.0, 4.0 ], "autotile_index": 0.0, "tileset": "tile_entrance1", "autotile": 1.0 }, "736_288": { "coord": [ 5.0, 6.0 ], "autotile_index": 0.0, "tileset": "tile_entrance1", "autotile": 1.0 }, "64_320": { "autotile": 1.0, "autotile_index": 0.0, "tileset": "tile_entrance1", "coord": [ 7.0, 4.0 ] }, "64_0": { "coord": [ 5.0, 6.0 ], "autotile_index": 0.0, "tileset": "tile_entrance1", "autotile": 1.0 }, "-96_416": { "autotile": 1.0, "autotile_index": 0.0, "tileset": "tile_entrance1", "coord": [ 0.0, 0.0 ] }, "128_416": { "autotile": 1.0, "autotile_index": 0.0, "tileset": "tile_entrance1", "coord": [ 7.0, 4.0 ] }, "480_0": { "coord": [ 5.0, 6.0 ], "autotile_index": 0.0, "tileset": "tile_entrance1", "autotile": 1.0 }, "928_0": { "coord": [ 7.0, 4.0 ], "autotile_index": 0.0, "tileset": "tile_entrance1", "autotile": 1.0 }, "352_320": { "autotile": 1.0, "autotile_index": 0.0, "tileset": "tile_entrance1", "coord": [ 7.0, 5.0 ] }, "-32_-32": { "coord": [ 0.0, 0.0 ], "autotile_index": 0.0, "tileset": "tile_entrance1", "autotile": 1.0 }, "608_96": { "coord": [ 7.0, 4.0 ], "autotile_index": 0.0, "tileset": "tile_entrance1", "autotile": 1.0 }, "224_480": { "autotile": 1.0, "autotile_index": 0.0, "tileset": "tile_entrance1", "coord": [ 7.0, 4.0 ] }, "704_128": { "coord": [ 7.0, 4.0 ], "autotile_index": 0.0, "tileset": "tile_entrance1", "autotile": 1.0 }, "736_192": { "coord": [ 7.0, 4.0 ], "autotile_index": 0.0, "tileset": "tile_entrance1", "autotile": 1.0 }, "640_256": { "coord": [ 7.0, 5.0 ], "autotile_index": 0.0, "tileset": "tile_entrance1", "autotile": 1.0 }, "64_448": { "autotile": 1.0, "autotile_index": 0.0, "tileset": "tile_entrance1", "coord": [ 7.0, 4.0 ] }, "864_544": { "coord": [ 0.0, 0.0 ], "autotile_index": 0.0, "tileset": "tile_entrance1", "autotile": 1.0 }, "384_384": { "autotile": 1.0, "autotile_index": 0.0, "tileset": "tile_entrance1", "coord": [ 6.0, 5.0 ] }, "608_32": { "coord": [ 7.0, 4.0 ], "autotile_index": 0.0, "tileset": "tile_entrance1", "autotile": 1.0 }, "288_352": { "autotile": 1.0, "autotile_index": 0.0, "tileset": "tile_entrance1", "coord": [ 7.0, 4.0 ] }, "928_512": { "coord": [ 5.0, 4.0 ], "autotile_index": 0.0, "tileset": "tile_entrance1", "autotile": 1.0 }, "960_544": { "coord": [ 0.0, 0.0 ], "autotile_index": 0.0, "tileset": "tile_entrance1", "autotile": 1.0 }, "896_128": { "coord": [ 7.0, 4.0 ], "autotile_index": 0.0, "tileset": "tile_entrance1", "autotile": 1.0 }, "512_512": { "coord": [ 5.0, 4.0 ], "autotile_index": 0.0, "tileset": "tile_entrance1", "autotile": 1.0 }, "192_-32": { "coord": [ 0.0, 0.0 ], "autotile_index": 0.0, "tileset": "tile_entrance1", "autotile": 1.0 }, "32_256": { "autotile": 1.0, "autotile_index": 0.0, "tileset": "tile_entrance1", "coord": [ 5.0, 4.0 ] }, "672_64": { "coord": [ 7.0, 4.0 ], "autotile_index": 0.0, "tileset": "tile_entrance1", "autotile": 1.0 }, "96_512": { "autotile": 1.0, "autotile_index": 0.0, "tileset": "tile_entrance1", "coord": [ 7.0, 4.0 ] }, "896_-32": { "coord": [ 0.0, 0.0 ], "autotile_index": 0.0, "tileset": "tile_entrance1", "autotile": 1.0 }, "928_288": { "coord": [ 5.0, 6.0 ], "autotile_index": 0.0, "tileset": "tile_entrance1", "autotile": 1.0 }, "928_224": { "coord": [ 7.0, 4.0 ], "autotile_index": 0.0, "tileset": "tile_entrance1", "autotile": 1.0 }, "352_448": { "coord": [ 7.0, 5.0 ], "autotile_index": 0.0, "tileset": "tile_entrance1", "autotile": 1.0 }, "0_320": { "autotile": 1.0, "autotile_index": 0.0, "tileset": "tile_entrance1", "coord": [ 7.0, 4.0 ] }, "736_544": { "coord": [ 0.0, 0.0 ], "autotile_index": 0.0, "tileset": "tile_entrance1", "autotile": 1.0 }, "224_416": { "autotile": 1.0, "autotile_index": 0.0, "tileset": "tile_entrance1", "coord": [ 7.0, 4.0 ] }, "288_0": { "coord": [ 5.0, 6.0 ], "autotile_index": 0.0, "tileset": "tile_entrance1", "autotile": 1.0 }, "608_224": { "coord": [ 7.0, 4.0 ], "autotile_index": 0.0, "tileset": "tile_entrance1", "autotile": 1.0 }, "704_0": { "coord": [ 7.0, 4.0 ], "autotile_index": 0.0, "tileset": "tile_entrance1", "autotile": 1.0 }, "288_320": { "autotile": 1.0, "autotile_index": 0.0, "tileset": "tile_entrance1", "coord": [ 7.0, 4.0 ] }, "544_544": { "coord": [ 0.0, 0.0 ], "autotile_index": 0.0, "tileset": "tile_entrance1", "autotile": 1.0 }, "864_160": { "coord": [ 7.0, 4.0 ], "autotile_index": 0.0, "tileset": "tile_entrance1", "autotile": 1.0 }, "416_-32": { "coord": [ 0.0, 0.0 ], "autotile_index": 0.0, "tileset": "tile_entrance1", "autotile": 1.0 }, "160_288": { "autotile": 1.0, "autotile_index": 0.0, "tileset": "tile_entrance1", "coord": [ 7.0, 5.0 ] }, "-64_512": { "autotile": 1.0, "autotile_index": 0.0, "tileset": "tile_entrance1", "coord": [ 0.0, 0.0 ] }, "0_480": { "autotile": 1.0, "autotile_index": 0.0, "tileset": "tile_entrance1", "coord": [ 7.0, 4.0 ] }, "736_-32": { "coord": [ 0.0, 0.0 ], "autotile_index": 0.0, "tileset": "tile_entrance1", "autotile": 1.0 }, "832_256": { "coord": [ 7.0, 5.0 ], "autotile_index": 0.0, "tileset": "tile_entrance1", "autotile": 1.0 }, "512_-32": { "coord": [ 0.0, 0.0 ], "autotile_index": 0.0, "tileset": "tile_entrance1", "autotile": 1.0 }, "448_256": { "coord": [ 1.0, 21.0 ], "autotile_index": 0.0, "tileset": "spr_entrancedeco", "autotile": 0.0 }, "-64_352": { "autotile": 1.0, "autotile_index": 0.0, "tileset": "tile_entrance1", "coord": [ 0.0, 0.0 ] }, "160_448": { "autotile": 1.0, "autotile_index": 0.0, "tileset": "tile_entrance1", "coord": [ 7.0, 4.0 ] }, "544_224": { "coord": [ 7.0, 5.0 ], "autotile_index": 0.0, "tileset": "tile_entrance1", "autotile": 1.0 }, "832_32": { "coord": [ 7.0, 4.0 ], "autotile_index": 0.0, "tileset": "tile_entrance1", "autotile": 1.0 }, "320_256": { "autotile": 1.0, "autotile_index": 0.0, "tileset": "tile_entrance1", "coord": [ 5.0, 4.0 ] }, "704_512": { "coord": [ 5.0, 4.0 ], "autotile_index": 0.0, "tileset": "tile_entrance1", "autotile": 1.0 }, "-160_0": { "coord": [ 0.0, 0.0 ], "autotile_index": 0.0, "tileset": "tile_entrance1", "autotile": 1.0 }, "864_64": { "coord": [ 7.0, 4.0 ], "autotile_index": 0.0, "tileset": "tile_entrance1", "autotile": 1.0 }, "288_512": { "autotile": 1.0, "autotile_index": 0.0, "tileset": "tile_entrance1", "coord": [ 7.0, 4.0 ] }, "704_96": { "coord": [ 7.0, 4.0 ], "autotile_index": 0.0, "tileset": "tile_entrance1", "autotile": 1.0 }, "672_224": { "coord": [ 7.0, 4.0 ], "autotile_index": 0.0, "tileset": "tile_entrance1", "autotile": 1.0 }, "704_288": { "coord": [ 5.0, 6.0 ], "autotile_index": 0.0, "tileset": "tile_entrance1", "autotile": 1.0 }, "96_320": { "autotile": 1.0, "autotile_index": 0.0, "tileset": "tile_entrance1", "coord": [ 7.0, 4.0 ] }, "448_352": { "coord": [ 3.0, 21.0 ], "autotile_index": 0.0, "tileset": "spr_entrancedeco", "autotile": 0.0 }, "96_0": { "coord": [ 5.0, 6.0 ], "autotile_index": 0.0, "tileset": "tile_entrance1", "autotile": 1.0 }, "-96_448": { "autotile": 1.0, "autotile_index": 0.0, "tileset": "tile_entrance1", "coord": [ 0.0, 0.0 ] }, "128_352": { "autotile": 1.0, "autotile_index": 0.0, "tileset": "tile_entrance1", "coord": [ 7.0, 4.0 ] }, "512_0": { "coord": [ 6.0, 1.0 ], "autotile_index": 0.0, "tileset": "tile_entrance1", "autotile": 1.0 }, "320_416": { "autotile": 1.0, "autotile_index": 0.0, "tileset": "tile_entrance1", "coord": [ 7.0, 4.0 ] }, "576_128": { "coord": [ 7.0, 4.0 ], "autotile_index": 0.0, "tileset": "tile_entrance1", "autotile": 1.0 }, "896_0": { "coord": [ 7.0, 4.0 ], "autotile_index": 0.0, "tileset": "tile_entrance1", "autotile": 1.0 }, "32_-32": { "coord": [ 0.0, 0.0 ], "autotile_index": 0.0, "tileset": "tile_entrance1", "autotile": 1.0 }, "-32_288": { "autotile": 1.0, "autotile_index": 0.0, "tileset": "tile_entrance1", "coord": [ 0.0, 0.0 ] }, "192_480": { "autotile": 1.0, "autotile_index": 0.0, "tileset": "tile_entrance1", "coord": [ 7.0, 4.0 ] }, "736_128": { "coord": [ 7.0, 4.0 ], "autotile_index": 0.0, "tileset": "tile_entrance1", "autotile": 1.0 }, "768_192": { "coord": [ 7.0, 4.0 ], "autotile_index": 0.0, "tileset": "tile_entrance1", "autotile": 1.0 }, "448_416": { "coord": [ 3.0, 21.0 ], "autotile_index": 0.0, "tileset": "spr_entrancedeco", "autotile": 0.0 }, "0_448": { "autotile": 1.0, "autotile_index": 0.0, "tileset": "tile_entrance1", "coord": [ 7.0, 4.0 ] }, "832_544": { "coord": [ 0.0, 0.0 ], "autotile_index": 0.0, "tileset": "tile_entrance1", "autotile": 1.0 }, "256_448": { "autotile": 1.0, "autotile_index": 0.0, "tileset": "tile_entrance1", "coord": [ 7.0, 4.0 ] }, "448_320": { "coord": [ 3.0, 21.0 ], "autotile_index": 0.0, "tileset": "spr_entrancedeco", "autotile": 0.0 }, "640_32": { "coord": [ 7.0, 4.0 ], "autotile_index": 0.0, "tileset": "tile_entrance1", "autotile": 1.0 }, "288_416": { "autotile": 1.0, "autotile_index": 0.0, "tileset": "tile_entrance1", "coord": [ 7.0, 4.0 ] }, "896_512": { "coord": [ 5.0, 4.0 ], "autotile_index": 0.0, "tileset": "tile_entrance1", "autotile": 1.0 }, "704_544": { "coord": [ 0.0, 0.0 ], "autotile_index": 0.0, "tileset": "tile_entrance1", "autotile": 1.0 }, "928_160": { "coord": [ 7.0, 4.0 ], "autotile_index": 0.0, "tileset": "tile_entrance1", "autotile": 1.0 }, "480_512": { "coord": [ 5.0, 4.0 ], "autotile_index": 0.0, "tileset": "tile_entrance1", "autotile": 1.0 }, "256_-32": { "coord": [ 0.0, 0.0 ], "autotile_index": 0.0, "tileset": "tile_entrance1", "autotile": 1.0 }, "64_256": { "autotile": 1.0, "autotile_index": 0.0, "tileset": "tile_entrance1", "coord": [ 5.0, 4.0 ] }, "608_64": { "coord": [ 7.0, 4.0 ], "autotile_index": 0.0, "tileset": "tile_entrance1", "autotile": 1.0 }, "64_512": { "autotile": 1.0, "autotile_index": 0.0, "tileset": "tile_entrance1", "coord": [ 7.0, 4.0 ] }, "800_64": { "coord": [ 7.0, 4.0 ], "autotile_index": 0.0, "tileset": "tile_entrance1", "autotile": 1.0 }, "896_288": { "coord": [ 5.0, 6.0 ], "autotile_index": 0.0, "tileset": "tile_entrance1", "autotile": 1.0 }, "544_-96": { "coord": [ 0.0, 0.0 ], "autotile_index": 0.0, "tileset": "tile_entrance1", "autotile": 1.0 }, "608_256": { "coord": [ 7.0, 5.0 ], "autotile_index": 0.0, "tileset": "tile_entrance1", "autotile": 1.0 }, "-96_0": { "coord": [ 0.0, 0.0 ], "autotile_index": 0.0, "tileset": "tile_entrance1", "autotile": 1.0 }, "32_352": { "autotile": 1.0, "autotile_index": 0.0, "tileset": "tile_entrance1", "coord": [ 7.0, 4.0 ] }, "224_352": { "autotile": 1.0, "autotile_index": 0.0, "tileset": "tile_entrance1", "coord": [ 7.0, 4.0 ] }, "320_0": { "coord": [ 5.0, 6.0 ], "autotile_index": 0.0, "tileset": "tile_entrance1", "autotile": 1.0 }, "384_416": { "autotile": 1.0, "autotile_index": 0.0, "tileset": "tile_entrance1", "coord": [ 6.0, 5.0 ] }, "576_192": { "coord": [ 7.0, 4.0 ], "autotile_index": 0.0, "tileset": "tile_entrance1", "autotile": 1.0 }, "736_0": { "coord": [ 7.0, 4.0 ], "autotile_index": 0.0, "tileset": "tile_entrance1", "autotile": 1.0 }, "256_288": { "autotile": 1.0, "autotile_index": 0.0, "tileset": "tile_entrance1", "coord": [ 7.0, 5.0 ] }, "480_544": { "coord": [ 0.0, 0.0 ], "autotile_index": 0.0, "tileset": "tile_entrance1", "autotile": 1.0 }, "864_128": { "coord": [ 7.0, 4.0 ], "autotile_index": 0.0, "tileset": "tile_entrance1", "autotile": 1.0 }, "544_160": { "coord": [ 7.0, 5.0 ], "autotile_index": 0.0, "tileset": "tile_entrance1", "autotile": 1.0 }, "384_480": { "coord": [ 6.0, 5.0 ], "autotile_index": 0.0, "tileset": "tile_entrance1", "autotile": 1.0 }, "480_-32": { "coord": [ 0.0, 0.0 ], "autotile_index": 0.0, "tileset": "tile_entrance1", "autotile": 1.0 }, "192_288": { "autotile": 1.0, "autotile_index": 0.0, "tileset": "tile_entrance1", "coord": [ 7.0, 5.0 ] }, "-32_512": { "autotile": 1.0, "autotile_index": 0.0, "tileset": "tile_entrance1", "coord": [ 0.0, 0.0 ] }, "736_64": { "coord": [ 7.0, 4.0 ], "autotile_index": 0.0, "tileset": "tile_entrance1", "autotile": 1.0 }, "800_256": { "coord": [ 7.0, 5.0 ], "autotile_index": 0.0, "tileset": "tile_entrance1", "autotile": 1.0 }, "96_384": { "autotile": 1.0, "autotile_index": 0.0, "tileset": "tile_entrance1", "coord": [ 7.0, 4.0 ] }, "-64_384": { "autotile": 1.0, "autotile_index": 0.0, "tileset": "tile_entrance1", "coord": [ 0.0, 0.0 ] }, "160_384": { "autotile": 1.0, "autotile_index": 0.0, "tileset": "tile_entrance1", "coord": [ 7.0, 4.0 ] }, "512_224": { "coord": [ 4.0, 5.0 ], "autotile_index": 0.0, "tileset": "tile_entrance1", "autotile": 1.0 }, "864_32": { "coord": [ 7.0, 4.0 ], "autotile_index": 0.0, "tileset": "tile_entrance1", "autotile": 1.0 }, "1024_512": { "coord": [ 0.0, 0.0 ], "autotile_index": 0.0, "tileset": "tile_entrance1", "autotile": 1.0 }, "320_288": { "autotile": 1.0, "autotile_index": 0.0, "tileset": "tile_entrance1", "coord": [ 7.0, 5.0 ] }, "672_512": { "coord": [ 5.0, 4.0 ], "autotile_index": 0.0, "tileset": "tile_entrance1", "autotile": 1.0 }, "-128_-32": { "coord": [ 0.0, 0.0 ], "autotile_index": 0.0, "tileset": "tile_entrance1", "autotile": 1.0 }, "544_96": { "coord": [ 7.0, 5.0 ], "autotile_index": 0.0, "tileset": "tile_entrance1", "autotile": 1.0 }, "256_512": { "autotile": 1.0, "autotile_index": 0.0, "tileset": "tile_entrance1", "coord": [ 7.0, 4.0 ] }, "672_160": { "coord": [ 7.0, 4.0 ], "autotile_index": 0.0, "tileset": "tile_entrance1", "autotile": 1.0 }, "704_224": { "coord": [ 7.0, 4.0 ], "autotile_index": 0.0, "tileset": "tile_entrance1", "autotile": 1.0 }, "672_288": { "coord": [ 5.0, 6.0 ], "autotile_index": 0.0, "tileset": "tile_entrance1", "autotile": 1.0 }, "160_320": { "autotile": 1.0, "autotile_index": 0.0, "tileset": "tile_entrance1", "coord": [ 7.0, 4.0 ] }, "128_0": { "coord": [ 5.0, 6.0 ], "autotile_index": 0.0, "tileset": "tile_entrance1", "autotile": 1.0 }, "-96_480": { "autotile": 1.0, "autotile_index": 0.0, "tileset": "tile_entrance1", "coord": [ 0.0, 0.0 ] }, "544_288": { "coord": [ 5.0, 6.0 ], "autotile_index": 0.0, "tileset": "tile_entrance1", "autotile": 1.0 }, "544_0": { "coord": [ 7.0, 5.0 ], "autotile_index": 0.0, "tileset": "tile_entrance1", "autotile": 1.0 }, "320_384": { "autotile": 1.0, "autotile_index": 0.0, "tileset": "tile_entrance1", "coord": [ 7.0, 4.0 ] }, "928_96": { "coord": [ 7.0, 4.0 ], "autotile_index": 0.0, "tileset": "tile_entrance1", "autotile": 1.0 }, "96_-32": { "coord": [ 0.0, 0.0 ], "autotile_index": 0.0, "tileset": "tile_entrance1", "autotile": 1.0 }, "0_288": { "autotile": 1.0, "autotile_index": 0.0, "tileset": "tile_entrance1", "coord": [ 7.0, 5.0 ] }, "512_64": { "coord": [ 4.0, 5.0 ], "autotile_index": 0.0, "tileset": "tile_entrance1", "autotile": 1.0 }, "160_480": { "autotile": 1.0, "autotile_index": 0.0, "tileset": "tile_entrance1", "coord": [ 7.0, 4.0 ] }, "768_128": { "coord": [ 7.0, 4.0 ], "autotile_index": 0.0, "tileset": "tile_entrance1", "autotile": 1.0 }, "800_192": { "coord": [ 7.0, 4.0 ], "autotile_index": 0.0, "tileset": "tile_entrance1", "autotile": 1.0 }, "448_448": { "coord": [ 3.0, 21.0 ], "autotile_index": 0.0, "tileset": "spr_entrancedeco", "autotile": 0.0 }, "0_416": { "autotile": 1.0, "autotile_index": 0.0, "tileset": "tile_entrance1", "coord": [ 7.0, 4.0 ] }, "256_384": { "autotile": 1.0, "autotile_index": 0.0, "tileset": "tile_entrance1", "coord": [ 7.0, 4.0 ] }, "512_192": { "coord": [ 4.0, 5.0 ], "autotile_index": 0.0, "tileset": "tile_entrance1", "autotile": 1.0 }, "672_32": { "coord": [ 7.0, 4.0 ], "autotile_index": 0.0, "tileset": "tile_entrance1", "autotile": 1.0 }, "864_512": { "coord": [ 5.0, 4.0 ], "autotile_index": 0.0, "tileset": "tile_entrance1", "autotile": 1.0 }, "640_544": { "coord": [ 0.0, 0.0 ], "autotile_index": 0.0, "tileset": "tile_entrance1", "autotile": 1.0 }, "896_160": { "coord": [ 7.0, 4.0 ], "autotile_index": 0.0, "tileset": "tile_entrance1", "autotile": 1.0 }, "448_512": { "coord": [ 5.0, 4.0 ], "autotile_index": 0.0, "tileset": "tile_entrance1", "autotile": 1.0 }, "320_-32": { "coord": [ 0.0, 0.0 ], "autotile_index": 0.0, "tileset": "tile_entrance1", "autotile": 1.0 }, "96_256": { "autotile": 1.0, "autotile_index": 0.0, "tileset": "tile_entrance1", "coord": [ 5.0, 4.0 ] }, "32_512": { "autotile": 1.0, "autotile_index": 0.0, "tileset": "tile_entrance1", "coord": [ 7.0, 4.0 ] }, "608_-32": { "coord": [ 0.0, 0.0 ], "autotile_index": 0.0, "tileset": "tile_entrance1", "autotile": 1.0 }, "864_288": { "coord": [ 5.0, 6.0 ], "autotile_index": 0.0, "tileset": "tile_entrance1", "autotile": 1.0 }, "544_-64": { "coord": [ 0.0, 0.0 ], "autotile_index": 0.0, "tileset": "tile_entrance1", "autotile": 1.0 }, "-64_0": { "coord": [ 0.0, 0.0 ], "autotile_index": 0.0, "tileset": "tile_entrance1", "autotile": 1.0 }, "0_352": { "autotile": 1.0, "autotile_index": 0.0, "tileset": "tile_entrance1", "coord": [ 7.0, 4.0 ] }, "192_416": { "autotile": 1.0, "autotile_index": 0.0, "tileset": "tile_entrance1", "coord": [ 7.0, 4.0 ] }, "352_0": { "coord": [ 5.0, 6.0 ], "autotile_index": 0.0, "tileset": "tile_entrance1", "autotile": 1.0 }, "576_256": { "coord": [ 7.0, 5.0 ], "autotile_index": 0.0, "tileset": "tile_entrance1", "autotile": 1.0 }, "768_0": { "coord": [ 7.0, 4.0 ], "autotile_index": 0.0, "tileset": "tile_entrance1", "autotile": 1.0 }, "288_288": { "autotile": 1.0, "autotile_index": 0.0, "tileset": "tile_entrance1", "coord": [ 7.0, 5.0 ] }, "416_544": { "coord": [ 0.0, 0.0 ], "autotile_index": 0.0, "tileset": "tile_entrance1", "autotile": 1.0 }, "864_96": { "coord": [ 7.0, 4.0 ], "autotile_index": 0.0, "tileset": "tile_entrance1", "autotile": 1.0 }, "544_128": { "coord": [ 7.0, 5.0 ], "autotile_index": 0.0, "tileset": "tile_entrance1", "autotile": 1.0 }, "352_480": { "coord": [ 7.0, 5.0 ], "autotile_index": 0.0, "tileset": "tile_entrance1", "autotile": 1.0 }, "736_96": { "coord": [ 7.0, 4.0 ], "autotile_index": 0.0, "tileset": "tile_entrance1", "autotile": 1.0 }, "224_288": { "autotile": 1.0, "autotile_index": 0.0, "tileset": "tile_entrance1", "coord": [ 7.0, 5.0 ] }, "640_160": { "coord": [ 7.0, 4.0 ], "autotile_index": 0.0, "tileset": "tile_entrance1", "autotile": 1.0 }, "768_256": { "coord": [ 7.0, 5.0 ], "autotile_index": 0.0, "tileset": "tile_entrance1", "autotile": 1.0 }, "64_352": { "autotile": 1.0, "autotile_index": 0.0, "tileset": "tile_entrance1", "coord": [ 7.0, 4.0 ] }, "-64_416": { "autotile": 1.0, "autotile_index": 0.0, "tileset": "tile_entrance1", "coord": [ 0.0, 0.0 ] }, "128_448": { "autotile": 1.0, "autotile_index": 0.0, "tileset": "tile_entrance1", "coord": [ 7.0, 4.0 ] }, "928_32": { "coord": [ 7.0, 4.0 ], "autotile_index": 0.0, "tileset": "tile_entrance1", "autotile": 1.0 }, "384_288": { "autotile": 1.0, "autotile_index": 0.0, "tileset": "tile_entrance1", "coord": [ 6.0, 5.0 ] }, "640_512": { "coord": [ 5.0, 4.0 ], "autotile_index": 0.0, "tileset": "tile_entrance1", "autotile": 1.0 }, "-64_-32": { "coord": [ 0.0, 0.0 ], "autotile_index": 0.0, "tileset": "tile_entrance1", "autotile": 1.0 }, "640_96": { "coord": [ 7.0, 4.0 ], "autotile_index": 0.0, "tileset": "tile_entrance1", "autotile": 1.0 }, "224_512": { "autotile": 1.0, "autotile_index": 0.0, "tileset": "tile_entrance1", "coord": [ 7.0, 4.0 ] }, "704_160": { "coord": [ 7.0, 4.0 ], "autotile_index": 0.0, "tileset": "tile_entrance1", "autotile": 1.0 }, "736_224": { "coord": [ 7.0, 4.0 ], "autotile_index": 0.0, "tileset": "tile_entrance1", "autotile": 1.0 }, "640_288": { "coord": [ 5.0, 6.0 ], "autotile_index": 0.0, "tileset": "tile_entrance1", "autotile": 1.0 }, "96_448": { "autotile": 1.0, "autotile_index": 0.0, "tileset": "tile_entrance1", "coord": [ 7.0, 4.0 ] }, "896_544": { "coord": [ 0.0, 0.0 ], "autotile_index": 0.0, "tileset": "tile_entrance1", "autotile": 1.0 }, "160_0": { "coord": [ 5.0, 6.0 ], "autotile_index": 0.0, "tileset": "tile_entrance1", "autotile": 1.0 }, "512_288": { "coord": [ 4.0, 6.0 ], "autotile_index": 0.0, "tileset": "tile_entrance1", "autotile": 1.0 }, "576_0": { "coord": [ 7.0, 4.0 ], "autotile_index": 0.0, "tileset": "tile_entrance1", "autotile": 1.0 }, "320_352": { "autotile": 1.0, "autotile_index": 0.0, "tileset": "tile_entrance1", "coord": [ 7.0, 4.0 ] }, "992_544": { "coord": [ 0.0, 0.0 ], "autotile_index": 0.0, "tileset": "tile_entrance1", "autotile": 1.0 }, "928_128": { "coord": [ 7.0, 4.0 ], "autotile_index": 0.0, "tileset": "tile_entrance1", "autotile": 1.0 }, "160_-32": { "coord": [ 0.0, 0.0 ], "autotile_index": 0.0, "tileset": "tile_entrance1", "autotile": 1.0 }, "32_288": { "autotile": 1.0, "autotile_index": 0.0, "tileset": "tile_entrance1", "coord": [ 7.0, 5.0 ] }, "576_64": { "coord": [ 7.0, 4.0 ], "autotile_index": 0.0, "tileset": "tile_entrance1", "autotile": 1.0 }, "128_480": { "autotile": 1.0, "autotile_index": 0.0, "tileset": "tile_entrance1", "coord": [ 7.0, 4.0 ] }, "800_128": { "coord": [ 7.0, 4.0 ], "autotile_index": 0.0, "tileset": "tile_entrance1", "autotile": 1.0 }, "960_256": { "coord": [ 0.0, 0.0 ], "autotile_index": 0.0, "tileset": "tile_entrance1", "autotile": 1.0 }, "864_224": { "coord": [ 7.0, 4.0 ], "autotile_index": 0.0, "tileset": "tile_entrance1", "autotile": 1.0 }, "384_448": { "coord": [ 6.0, 5.0 ], "autotile_index": 0.0, "tileset": "tile_entrance1", "autotile": 1.0 }, "32_320": { "autotile": 1.0, "autotile_index": 0.0, "tileset": "tile_entrance1", "coord": [ 7.0, 4.0 ] }, "768_544": { "coord": [ 0.0, 0.0 ], "autotile_index": 0.0, "tileset": "tile_entrance1", "autotile": 1.0 }, "224_448": { "autotile": 1.0, "autotile_index": 0.0, "tileset": "tile_entrance1", "coord": [ 7.0, 4.0 ] }, "192_320": { "autotile": 1.0, "autotile_index": 0.0, "tileset": "tile_entrance1", "coord": [ 7.0, 4.0 ] }, "576_160": { "coord": [ 7.0, 4.0 ], "autotile_index": 0.0, "tileset": "tile_entrance1", "autotile": 1.0 }, "704_32": { "coord": [ 7.0, 4.0 ], "autotile_index": 0.0, "tileset": "tile_entrance1", "autotile": 1.0 }, "384_256": { "autotile": 1.0, "autotile_index": 0.0, "tileset": "tile_entrance1", "coord": [ 6.0, 4.0 ] }, "832_512": { "coord": [ 5.0, 4.0 ], "autotile_index": 0.0, "tileset": "tile_entrance1", "autotile": 1.0 }, "576_544": { "coord": [ 0.0, 0.0 ], "autotile_index": 0.0, "tileset": "tile_entrance1", "autotile": 1.0 }, "832_192": { "coord": [ 7.0, 4.0 ], "autotile_index": 0.0, "tileset": "tile_entrance1", "autotile": 1.0 }, "416_512": { "coord": [ 5.0, 4.0 ], "autotile_index": 0.0, "tileset": "tile_entrance1", "autotile": 1.0 }, "384_-32": { "coord": [ 0.0, 0.0 ], "autotile_index": 0.0, "tileset": "tile_entrance1", "autotile": 1.0 }, "128_256": { "autotile": 1.0, "autotile_index": 0.0, "tileset": "tile_entrance1", "coord": [ 5.0, 4.0 ] }, "0_512": { "autotile": 1.0, "autotile_index": 0.0, "tileset": "tile_entrance1", "coord": [ 7.0, 4.0 ] }, "672_-32": { "coord": [ 0.0, 0.0 ], "autotile_index": 0.0, "tileset": "tile_entrance1", "autotile": 1.0 }, "832_288": { "coord": [ 5.0, 6.0 ], "autotile_index": 0.0, "tileset": "tile_entrance1", "autotile": 1.0 }, "544_-32": { "coord": [ 0.0, 0.0 ], "autotile_index": 0.0, "tileset": "tile_entrance1", "autotile": 1.0 }, "-128_0": { "coord": [ 0.0, 0.0 ], "autotile_index": 0.0, "tileset": "tile_entrance1", "autotile": 1.0 }, "-32_0": { "coord": [ 0.0, 0.0 ], "autotile_index": 0.0, "tileset": "tile_entrance1", "autotile": 1.0 }, "-32_352": { "autotile": 1.0, "autotile_index": 0.0, "tileset": "tile_entrance1", "coord": [ 0.0, 0.0 ] }, "192_352": { "autotile": 1.0, "autotile_index": 0.0, "tileset": "tile_entrance1", "coord": [ 7.0, 4.0 ] }, "384_0": { "coord": [ 5.0, 6.0 ], "autotile_index": 0.0, "tileset": "tile_entrance1", "autotile": 1.0 }, "544_256": { "coord": [ 7.0, 5.0 ], "autotile_index": 0.0, "tileset": "tile_entrance1", "autotile": 1.0 }, "800_0": { "coord": [ 7.0, 4.0 ], "autotile_index": 0.0, "tileset": "tile_entrance1", "autotile": 1.0 }, "352_256": { "autotile": 1.0, "autotile_index": 0.0, "tileset": "tile_entrance1", "coord": [ 5.0, 4.0 ] }, "-192_-32": { "coord": [ 0.0, 0.0 ], "autotile_index": 0.0, "tileset": "tile_entrance1", "autotile": 1.0 }, "896_64": { "coord": [ 7.0, 4.0 ], "autotile_index": 0.0, "tileset": "tile_entrance1", "autotile": 1.0 }, "320_480": { "autotile": 1.0, "autotile_index": 0.0, "tileset": "tile_entrance1", "coord": [ 7.0, 4.0 ] }, "768_96": { "coord": [ 7.0, 4.0 ], "autotile_index": 0.0, "tileset": "tile_entrance1", "autotile": 1.0 }, "288_448": { "autotile": 1.0, "autotile_index": 0.0, "tileset": "tile_entrance1", "coord": [ 7.0, 4.0 ] }, "640_192": { "coord": [ 7.0, 4.0 ], "autotile_index": 0.0, "tileset": "tile_entrance1", "autotile": 1.0 }, "736_256": { "coord": [ 7.0, 5.0 ], "autotile_index": 0.0, "tileset": "tile_entrance1", "autotile": 1.0 }, "96_352": { "autotile": 1.0, "autotile_index": 0.0, "tileset": "tile_entrance1", "coord": [ 7.0, 4.0 ] }, "448_384": { "coord": [ 3.0, 21.0 ], "autotile_index": 0.0, "tileset": "spr_entrancedeco", "autotile": 0.0 }, "-64_448": { "autotile": 1.0, "autotile_index": 0.0, "tileset": "tile_entrance1", "coord": [ 0.0, 0.0 ] }, "128_384": { "autotile": 1.0, "autotile_index": 0.0, "tileset": "tile_entrance1", "coord": [ 7.0, 4.0 ] }, "512_32": { "coord": [ 4.0, 5.0 ], "autotile_index": 0.0, "tileset": "tile_entrance1", "autotile": 1.0 }, "352_416": { "autotile": 1.0, "autotile_index": 0.0, "tileset": "tile_entrance1", "coord": [ 7.0, 5.0 ] }, "608_128": { "coord": [ 7.0, 4.0 ], "autotile_index": 0.0, "tileset": "tile_entrance1", "autotile": 1.0 }, "896_32": { "coord": [ 7.0, 4.0 ], "autotile_index": 0.0, "tileset": "tile_entrance1", "autotile": 1.0 }, "352_288": { "autotile": 1.0, "autotile_index": 0.0, "tileset": "tile_entrance1", "coord": [ 7.0, 5.0 ] }, "608_512": { "coord": [ 5.0, 4.0 ], "autotile_index": 0.0, "tileset": "tile_entrance1", "autotile": 1.0 }, "0_-32": { "coord": [ 0.0, 0.0 ], "autotile_index": 0.0, "tileset": "tile_entrance1", "autotile": 1.0 }, "576_96": { "coord": [ 7.0, 4.0 ], "autotile_index": 0.0, "tileset": "tile_entrance1", "autotile": 1.0 }, "192_512": { "autotile": 1.0, "autotile_index": 0.0, "tileset": "tile_entrance1", "coord": [ 7.0, 4.0 ] }, "736_160": { "coord": [ 7.0, 4.0 ], "autotile_index": 0.0, "tileset": "tile_entrance1", "autotile": 1.0 }, "768_224": { "coord": [ 7.0, 4.0 ], "autotile_index": 0.0, "tileset": "tile_entrance1", "autotile": 1.0 }, "32_448": { "autotile": 1.0, "autotile_index": 0.0, "tileset": "tile_entrance1", "coord": [ 7.0, 4.0 ] }, "384_352": { "autotile": 1.0, "autotile_index": 0.0, "tileset": "tile_entrance1", "coord": [ 6.0, 5.0 ] }, "192_0": { "coord": [ 5.0, 6.0 ], "autotile_index": 0.0, "tileset": "tile_entrance1", "autotile": 1.0 }, "608_0": { "coord": [ 7.0, 4.0 ], "autotile_index": 0.0, "tileset": "tile_entrance1", "autotile": 1.0 }, "288_384": { "autotile": 1.0, "autotile_index": 0.0, "tileset": "tile_entrance1", "coord": [ 7.0, 4.0 ] }, "928_544": { "coord": [ 0.0, 0.0 ], "autotile_index": 0.0, "tileset": "tile_entrance1", "autotile": 1.0 }, "928_192": { "coord": [ 7.0, 4.0 ], "autotile_index": 0.0, "tileset": "tile_entrance1", "autotile": 1.0 }, "224_-32": { "coord": [ 0.0, 0.0 ], "autotile_index": 0.0, "tileset": "tile_entrance1", "autotile": 1.0 }, "64_288": { "autotile": 1.0, "autotile_index": 0.0, "tileset": "tile_entrance1", "coord": [ 7.0, 5.0 ] }, "640_64": { "coord": [ 7.0, 4.0 ], "autotile_index": 0.0, "tileset": "tile_entrance1", "autotile": 1.0 }, "96_480": { "autotile": 1.0, "autotile_index": 0.0, "tileset": "tile_entrance1", "coord": [ 7.0, 4.0 ] }, "864_-32": { "coord": [ 0.0, 0.0 ], "autotile_index": 0.0, "tileset": "tile_entrance1", "autotile": 1.0 }, "928_256": { "coord": [ 7.0, 5.0 ], "autotile_index": 0.0, "tileset": "tile_entrance1", "autotile": 1.0 }, "896_224": { "coord": [ 7.0, 4.0 ], "autotile_index": 0.0, "tileset": "tile_entrance1", "autotile": 1.0 }, "608_288": { "coord": [ 5.0, 6.0 ], "autotile_index": 0.0, "tileset": "tile_entrance1", "autotile": 1.0 }, "32_384": { "autotile": 1.0, "autotile_index": 0.0, "tileset": "tile_entrance1", "coord": [ 7.0, 4.0 ] }, "224_384": { "autotile": 1.0, "autotile_index": 0.0, "tileset": "tile_entrance1", "coord": [ 7.0, 4.0 ] }, "608_192": { "coord": [ 7.0, 4.0 ], "autotile_index": 0.0, "tileset": "tile_entrance1", "autotile": 1.0 }, "736_32": { "coord": [ 7.0, 4.0 ], "autotile_index": 0.0, "tileset": "tile_entrance1", "autotile": 1.0 }, "256_320": { "autotile": 1.0, "autotile_index": 0.0, "tileset": "tile_entrance1", "coord": [ 7.0, 4.0 ] }, "800_512": { "coord": [ 5.0, 4.0 ], "autotile_index": 0.0, "tileset": "tile_entrance1", "autotile": 1.0 }, "512_544": { "coord": [ 0.0, 0.0 ], "autotile_index": 0.0, "tileset": "tile_entrance1", "autotile": 1.0 }, "832_160": { "coord": [ 7.0, 4.0 ], "autotile_index": 0.0, "tileset": "tile_entrance1", "autotile": 1.0 }, "384_512": { "coord": [ 4.0, 3.0 ], "autotile_index": 0.0, "tileset": "tile_entrance1", "autotile": 1.0 }, "448_-32": { "coord": [ 0.0, 0.0 ], "autotile_index": 0.0, "tileset": "tile_entrance1", "autotile": 1.0 }, "160_256": { "autotile": 1.0, "autotile_index": 0.0, "tileset": "tile_entrance1", "coord": [ 5.0, 4.0 ] }, "-64_480": { "autotile": 1.0, "autotile_index": 0.0, "tileset": "tile_entrance1", "coord": [ 0.0, 0.0 ] }, "704_-32": { "coord": [ 0.0, 0.0 ], "autotile_index": 0.0, "tileset": "tile_entrance1", "autotile": 1.0 }, "800_288": { "coord": [ 5.0, 6.0 ], "autotile_index": 0.0, "tileset": "tile_entrance1", "autotile": 1.0 }, "64_416": { "autotile": 1.0, "autotile_index": 0.0, "tileset": "tile_entrance1", "coord": [ 7.0, 4.0 ] }, "416_256": { "coord": [ 0.0, 21.0 ], "autotile_index": 0.0, "tileset": "spr_entrancedeco", "autotile": 0.0 }, "0_0": { "coord": [ 5.0, 6.0 ], "autotile_index": 0.0, "tileset": "tile_entrance1", "autotile": 1.0 }, "-96_352": { "autotile": 1.0, "autotile_index": 0.0, "tileset": "tile_entrance1", "coord": [ 0.0, 0.0 ] }, "160_416": { "autotile": 1.0, "autotile_index": 0.0, "tileset": "tile_entrance1", "coord": [ 7.0, 4.0 ] }, "416_0": { "coord": [ 5.0, 6.0 ], "autotile_index": 0.0, "tileset": "tile_entrance1", "autotile": 1.0 }, "512_256": { "coord": [ 4.0, 5.0 ], "autotile_index": 0.0, "tileset": "tile_entrance1", "autotile": 1.0 }, "832_0": { "coord": [ 7.0, 4.0 ], "autotile_index": 0.0, "tileset": "tile_entrance1", "autotile": 1.0 }, "320_320": { "autotile": 1.0, "autotile_index": 0.0, "tileset": "tile_entrance1", "coord": [ 7.0, 4.0 ] }, "-160_-32": { "coord": [ 0.0, 0.0 ], "autotile_index": 0.0, "tileset": "tile_entrance1", "autotile": 1.0 }, "832_64": { "coord": [ 7.0, 4.0 ], "autotile_index": 0.0, "tileset": "tile_entrance1", "autotile": 1.0 }, "288_480": { "autotile": 1.0, "autotile_index": 0.0, "tileset": "tile_entrance1", "coord": [ 7.0, 4.0 ] }, "640_128": { "coord": [ 7.0, 4.0 ], "autotile_index": 0.0, "tileset": "tile_entrance1", "autotile": 1.0 }, "672_192": { "coord": [ 7.0, 4.0 ], "autotile_index": 0.0, "tileset": "tile_entrance1", "autotile": 1.0 }, "704_256": { "coord": [ 7.0, 5.0 ], "autotile_index": 0.0, "tileset": "tile_entrance1", "autotile": 1.0 }, "128_320": { "autotile": 1.0, "autotile_index": 0.0, "tileset": "tile_entrance1", "coord": [ 7.0, 4.0 ] }, "-96_512": { "autotile": 1.0, "autotile_index": 0.0, "tileset": "tile_entrance1", "coord": [ 0.0, 0.0 ] }, "544_32": { "coord": [ 7.0, 5.0 ], "autotile_index": 0.0, "tileset": "tile_entrance1", "autotile": 1.0 }, "352_384": { "autotile": 1.0, "autotile_index": 0.0, "tileset": "tile_entrance1", "coord": [ 7.0, 5.0 ] }, "672_96": { "coord": [ 7.0, 4.0 ], "autotile_index": 0.0, "tileset": "tile_entrance1", "autotile": 1.0 }, "992_512": { "coord": [ 0.0, 0.0 ], "autotile_index": 0.0, "tileset": "tile_entrance1", "autotile": 1.0 }, "928_64": { "coord": [ 7.0, 4.0 ], "autotile_index": 0.0, "tileset": "tile_entrance1", "autotile": 1.0 }, "576_512": { "coord": [ 5.0, 4.0 ], "autotile_index": 0.0, "tileset": "tile_entrance1", "autotile": 1.0 }, "64_-32": { "coord": [ 0.0, 0.0 ], "autotile_index": 0.0, "tileset": "tile_entrance1", "autotile": 1.0 }, "160_512": { "autotile": 1.0, "autotile_index": 0.0, "tileset": "tile_entrance1", "coord": [ 7.0, 4.0 ] }, "768_160": { "coord": [ 7.0, 4.0 ], "autotile_index": 0.0, "tileset": "tile_entrance1", "autotile": 1.0 }, "800_224": { "coord": [ 7.0, 4.0 ], "autotile_index": 0.0, "tileset": "tile_entrance1", "autotile": 1.0 }, "32_416": { "autotile": 1.0, "autotile_index": 0.0, "tileset": "tile_entrance1", "coord": [ 7.0, 4.0 ] }, "256_416": { "autotile": 1.0, "autotile_index": 0.0, "tileset": "tile_entrance1", "coord": [ 7.0, 4.0 ] }, "224_0": { "coord": [ 5.0, 6.0 ], "autotile_index": 0.0, "tileset": "tile_entrance1", "autotile": 1.0 } } }, "backgrounds": { "5": { "x": 0.0, "scroll_x": 0.80000000000000004440892098500626, "tile_y": 1.0, "hspeed": 0.0, "scroll_y": 0.80000000000000004440892098500626, "panic_sprite": -1.0, "y": 0.0, "sprite": "bg_entrance2", "tile_x": 1.0, "vspeed": 0.0, "image_speed": 0.0 }, "6": { "x": 0.0, "scroll_x": 0.75, "tile_y": 1.0, "hspeed": 0.0, "scroll_y": 0.75, "panic_sprite": -1.0, "y": 0.0, "sprite": "bg_entrance1", "tile_x": 1.0, "vspeed": 0.0, "image_speed": 0.0 } }, "properties": { "song": "", "roomX": 0.0, "levelWidth": 960.0, "roomY": 0.0, "levelHeight": 540.0, "songTransitionTime": 100.0 } }