{ "editorVersion": 5.0, "instances": [ { "layer": 0.0, "deleted": 0.0, "variables": { "x": -32.0, "y": 480.0, "image_xscale": 13.0, "image_yscale": 2.0, "flipX": 0.0, "flipY": 0.0 }, "object": 517.0 }, { "layer": 0.0, "deleted": 0.0, "variables": { "x": 0.0, "flipX": 0.0, "y": 448.0, "flipY": 0.0 }, "object": 805.0 }, { "layer": 0.0, "deleted": 0.0, "variables": { "x": -32.0, "y": 0.0, "image_xscale": 10.0, "image_yscale": 10.0, "flipX": 0.0, "flipY": 0.0 }, "object": 517.0 }, { "layer": 0.0, "deleted": 0.0, "variables": { "x": 288.0, "y": 0.0, "image_xscale": 22.0, "image_yscale": 2.0, "flipX": 0.0, "flipY": 0.0 }, "object": 517.0 }, { "layer": 0.0, "deleted": 0.0, "variables": { "x": 384.0, "y": 256.0, "image_xscale": 19.0, "image_yscale": 9.0, "flipX": 0.0, "flipY": 0.0 }, "object": 517.0 }, { "layer": 0.0, "deleted": 0.0, "variables": { "x": 288.0, "y": 256.0, "image_xscale": 3.0, "image_yscale": 1.0, "flipX": 0.0, "flipY": 0.0 }, "object": 722.0 }, { "layer": 0.0, "deleted": 0.0, "variables": { "x": 320.0, "y": 256.0, "image_xscale": 1.0, "image_yscale": 7.0, "flipX": 0.0, "flipY": 0.0 }, "object": 724.0 }, { "layer": 0.0, "deleted": 0.0, "variables": { "x": 960.0, "y": 64.0, "targetRoom": "room5", "image_xscale": 1.0, "image_yscale": 3.0, "flipX": 0.0, "flipY": 0.0, "targetDoor": "B" }, "object": 801.0 }, { "layer": 0.0, "deleted": 0.0, "variables": { "x": -32.0, "y": 320.0, "targetRoom": "room3", "image_xscale": 1.0, "image_yscale": 2.5, "flipX": 0.0, "flipY": 0.0, "targetDoor": "C" }, "object": 801.0 }, { "layer": 0.0, "deleted": 0.0, "variables": { "x": 928.0, "flipX": 0.0, "y": 224.0, "flipY": 0.0 }, "object": 806.0 }, { "layer": 0.0, "deleted": 0.0, "variables": { "x": 768.0, "flipX": 1.0, "y": 210.5, "flipY": 0.0 }, "object": 668.0 }, { "layer": 0.0, "deleted": 0.0, "variables": { "x": 768.0, "y": 147.0, "image_xscale": 1.0, "image_yscale": 1.0, "escape": "true", "flipX": 1.0, "flipY": 0.0 }, "object": 668.0 }, { "layer": 0.0, "deleted": 0.0, "variables": { "x": 544.0, "flipX": 0.0, "y": 192.0, "flipY": 0.0 }, "object": 752.0 }, { "layer": 0.0, "deleted": 0.0, "variables": { "x": 608.0, "flipX": 0.0, "y": 192.0, "flipY": 0.0 }, "object": 752.0 }, { "layer": 0.0, "deleted": 0.0, "variables": { "x": 832.0, "flipX": 0.0, "y": 192.0, "flipY": 0.0 }, "object": 752.0 }, { "layer": 0.0, "deleted": 0.0, "variables": { "x": 320.0, "flipX": 0.0, "y": 384.0, "flipY": 0.0 }, "object": 752.0 }, { "layer": 0.0, "deleted": 0.0, "variables": { "x": 320.0, "flipX": 0.0, "y": 352.0, "flipY": 0.0 }, "object": 752.0 }, { "layer": 0.0, "deleted": 0.0, "variables": { "x": 320.0, "flipX": 0.0, "y": 320.0, "flipY": 0.0 }, "object": 752.0 }, { "layer": 0.0, "deleted": 0.0, "variables": { "x": 512.0, "flipX": 0.0, "content": "obj_pizzakinsausage", "flipY": 0.0, "y": 224.0 }, "object": 751.0 } ], "tile_data": { "5": { "608_416": { "autotile": 1.0, "autotile_index": 0.0, "tileset": "tile_entrance1", "coord": [ 7.0, 4.0 ] }, "448_288": { "autotile": 1.0, "autotile_index": 0.0, "tileset": "tile_entrance1", "coord": [ 7.0, 5.0 ] }, "640_0": { "autotile": 1.0, "autotile_index": 0.0, "tileset": "tile_entrance1", "coord": [ 7.0, 5.0 ] }, "-32_192": { "autotile": 1.0, "autotile_index": 0.0, "tileset": "tile_entrance1", "coord": [ 0.0, 0.0 ] }, "896_480": { "autotile": 1.0, "autotile_index": 0.0, "tileset": "tile_entrance1", "coord": [ 7.0, 4.0 ] }, "192_64": { "autotile": 1.0, "autotile_index": 0.0, "tileset": "tile_entrance1", "coord": [ 7.0, 4.0 ] }, "480_480": { "autotile": 1.0, "autotile_index": 0.0, "tileset": "tile_entrance1", "coord": [ 7.0, 4.0 ] }, "96_288": { "autotile": 1.0, "autotile_index": 0.0, "tileset": "tile_entrance1", "coord": [ 5.0, 6.0 ] }, "832_448": { "autotile": 1.0, "autotile_index": 0.0, "tileset": "tile_entrance1", "coord": [ 7.0, 4.0 ] }, "64_480": { "autotile": 1.0, "autotile_index": 0.0, "tileset": "tile_entrance1", "coord": [ 5.0, 4.0 ] }, "896_256": { "autotile": 1.0, "autotile_index": 0.0, "tileset": "tile_entrance1", "coord": [ 5.0, 4.0 ] }, "576_352": { "autotile": 1.0, "autotile_index": 0.0, "tileset": "tile_entrance1", "coord": [ 7.0, 4.0 ] }, "928_384": { "autotile": 1.0, "autotile_index": 0.0, "tileset": "tile_entrance1", "coord": [ 7.0, 4.0 ] }, "352_32": { "autotile": 1.0, "autotile_index": 0.0, "tileset": "tile_entrance1", "coord": [ 5.0, 6.0 ] }, "0_-224": { "autotile": 1.0, "autotile_index": 0.0, "tileset": "tile_entrance1", "coord": [ 0.0, 0.0 ] }, "768_32": { "autotile": 1.0, "autotile_index": 0.0, "tileset": "tile_entrance1", "coord": [ 5.0, 6.0 ] }, "32_96": { "autotile": 1.0, "autotile_index": 0.0, "tileset": "tile_entrance1", "coord": [ 7.0, 4.0 ] }, "256_256": { "autotile": 0.0, "autotile_index": 0.0, "tileset": "tile_entrance1", "coord": [ 6.0, 5.0 ] }, "768_512": { "autotile": 1.0, "autotile_index": 0.0, "tileset": "tile_entrance1", "coord": [ 7.0, 4.0 ] }, "256_160": { "autotile": 0.0, "autotile_index": 0.0, "tileset": "tile_entrance1", "coord": [ 6.0, 5.0 ] }, "352_512": { "autotile": 1.0, "autotile_index": 0.0, "tileset": "tile_entrance1", "coord": [ 7.0, 5.0 ] }, "192_256": { "autotile": 0.0, "autotile_index": 0.0, "tileset": "tile_entrance1", "coord": [ 7.0, 5.0 ] }, "768_288": { "autotile": 1.0, "autotile_index": 0.0, "tileset": "tile_entrance1", "coord": [ 7.0, 5.0 ] }, "768_416": { "autotile": 1.0, "autotile_index": 0.0, "tileset": "tile_entrance1", "coord": [ 7.0, 4.0 ] }, "512_352": { "autotile": 1.0, "autotile_index": 0.0, "tileset": "tile_entrance1", "coord": [ 7.0, 4.0 ] }, "32_0": { "autotile": 1.0, "autotile_index": 0.0, "tileset": "tile_entrance1", "coord": [ 7.0, 4.0 ] }, "832_352": { "autotile": 1.0, "autotile_index": 0.0, "tileset": "tile_entrance1", "coord": [ 7.0, 4.0 ] }, "448_0": { "autotile": 1.0, "autotile_index": 0.0, "tileset": "tile_entrance1", "coord": [ 7.0, 5.0 ] }, "96_64": { "autotile": 1.0, "autotile_index": 0.0, "tileset": "tile_entrance1", "coord": [ 7.0, 4.0 ] }, "640_320": { "autotile": 1.0, "autotile_index": 0.0, "tileset": "tile_entrance1", "coord": [ 7.0, 4.0 ] }, "480_256": { "autotile": 1.0, "autotile_index": 0.0, "tileset": "tile_entrance1", "coord": [ 5.0, 4.0 ] }, "864_0": { "autotile": 1.0, "autotile_index": 0.0, "tileset": "tile_entrance1", "coord": [ 7.0, 5.0 ] }, "64_192": { "autotile": 1.0, "autotile_index": 0.0, "tileset": "tile_entrance1", "coord": [ 7.0, 4.0 ] }, "384_320": { "autotile": 1.0, "autotile_index": 0.0, "tileset": "tile_entrance1", "coord": [ 4.0, 5.0 ] }, "672_480": { "autotile": 1.0, "autotile_index": 0.0, "tileset": "tile_entrance1", "coord": [ 7.0, 4.0 ] }, "-96_288": { "autotile": 1.0, "autotile_index": 0.0, "tileset": "tile_entrance1", "coord": [ 0.0, 0.0 ] }, "896_448": { "autotile": 1.0, "autotile_index": 0.0, "tileset": "tile_entrance1", "coord": [ 7.0, 4.0 ] }, "256_480": { "autotile": 1.0, "autotile_index": 0.0, "tileset": "tile_entrance1", "coord": [ 5.0, 4.0 ] }, "800_320": { "autotile": 1.0, "autotile_index": 0.0, "tileset": "tile_entrance1", "coord": [ 7.0, 4.0 ] }, "672_256": { "autotile": 1.0, "autotile_index": 0.0, "tileset": "tile_entrance1", "coord": [ 5.0, 4.0 ] }, "640_416": { "autotile": 1.0, "autotile_index": 0.0, "tileset": "tile_entrance1", "coord": [ 7.0, 4.0 ] }, "416_320": { "autotile": 1.0, "autotile_index": 0.0, "tileset": "tile_entrance1", "coord": [ 7.0, 5.0 ] }, "160_32": { "autotile": 1.0, "autotile_index": 0.0, "tileset": "tile_entrance1", "coord": [ 7.0, 4.0 ] }, "704_384": { "autotile": 1.0, "autotile_index": 0.0, "tileset": "tile_entrance1", "coord": [ 7.0, 4.0 ] }, "512_320": { "autotile": 1.0, "autotile_index": 0.0, "tileset": "tile_entrance1", "coord": [ 7.0, 4.0 ] }, "576_32": { "autotile": 1.0, "autotile_index": 0.0, "tileset": "tile_entrance1", "coord": [ 5.0, 6.0 ] }, "160_224": { "autotile": 0.0, "autotile_index": 0.0, "tileset": "tile_entrance1", "coord": [ 7.0, 4.0 ] }, "960_512": { "autotile": 1.0, "autotile_index": 0.0, "tileset": "tile_entrance1", "coord": [ 0.0, 0.0 ] }, "160_160": { "autotile": 0.0, "autotile_index": 0.0, "tileset": "tile_entrance1", "coord": [ 7.0, 4.0 ] }, "544_512": { "autotile": 1.0, "autotile_index": 0.0, "tileset": "tile_entrance1", "coord": [ 7.0, 4.0 ] }, "0_256": { "autotile": 1.0, "autotile_index": 0.0, "tileset": "tile_entrance1", "coord": [ 7.0, 5.0 ] }, "128_512": { "autotile": 1.0, "autotile_index": 0.0, "tileset": "tile_entrance1", "coord": [ 7.0, 5.0 ] }, "960_288": { "autotile": 1.0, "autotile_index": 0.0, "tileset": "tile_entrance1", "coord": [ 0.0, 0.0 ] }, "544_384": { "autotile": 1.0, "autotile_index": 0.0, "tileset": "tile_entrance1", "coord": [ 7.0, 4.0 ] }, "416_448": { "autotile": 1.0, "autotile_index": 0.0, "tileset": "tile_entrance1", "coord": [ 7.0, 5.0 ] }, "256_0": { "autotile": 1.0, "autotile_index": 0.0, "tileset": "tile_entrance1", "coord": [ 7.0, 5.0 ] }, "576_448": { "autotile": 1.0, "autotile_index": 0.0, "tileset": "tile_entrance1", "coord": [ 7.0, 4.0 ] }, "672_0": { "autotile": 1.0, "autotile_index": 0.0, "tileset": "tile_entrance1", "coord": [ 7.0, 5.0 ] }, "-32_160": { "autotile": 1.0, "autotile_index": 0.0, "tileset": "tile_entrance1", "coord": [ 0.0, 0.0 ] }, "864_480": { "autotile": 1.0, "autotile_index": 0.0, "tileset": "tile_entrance1", "coord": [ 7.0, 4.0 ] }, "192_96": { "autotile": 1.0, "autotile_index": 0.0, "tileset": "tile_entrance1", "coord": [ 7.0, 4.0 ] }, "448_480": { "autotile": 1.0, "autotile_index": 0.0, "tileset": "tile_entrance1", "coord": [ 7.0, 4.0 ] }, "128_288": { "autotile": 0.0, "autotile_index": 0.0, "tileset": "tile_entrance1", "coord": [ 5.0, 6.0 ] }, "768_448": { "autotile": 1.0, "autotile_index": 0.0, "tileset": "tile_entrance1", "coord": [ 7.0, 4.0 ] }, "32_480": { "autotile": 1.0, "autotile_index": 0.0, "tileset": "tile_entrance1", "coord": [ 5.0, 4.0 ] }, "864_256": { "autotile": 1.0, "autotile_index": 0.0, "tileset": "tile_entrance1", "coord": [ 5.0, 4.0 ] }, "576_288": { "autotile": 1.0, "autotile_index": 0.0, "tileset": "tile_entrance1", "coord": [ 7.0, 5.0 ] }, "896_384": { "autotile": 1.0, "autotile_index": 0.0, "tileset": "tile_entrance1", "coord": [ 7.0, 4.0 ] }, "384_32": { "autotile": 1.0, "autotile_index": 0.0, "tileset": "tile_entrance1", "coord": [ 5.0, 6.0 ] }, "0_64": { "autotile": 1.0, "autotile_index": 0.0, "tileset": "tile_entrance1", "coord": [ 7.0, 4.0 ] }, "800_32": { "autotile": 1.0, "autotile_index": 0.0, "tileset": "tile_entrance1", "coord": [ 5.0, 6.0 ] }, "96_224": { "autotile": 1.0, "autotile_index": 0.0, "tileset": "tile_entrance1", "coord": [ 7.0, 4.0 ] }, "288_256": { "autotile": 0.0, "autotile_index": 0.0, "tileset": "spr_entrancedeco", "coord": [ 0.0, 21.0 ] }, "736_512": { "autotile": 1.0, "autotile_index": 0.0, "tileset": "tile_entrance1", "coord": [ 7.0, 4.0 ] }, "256_192": { "autotile": 0.0, "autotile_index": 0.0, "tileset": "tile_entrance1", "coord": [ 6.0, 5.0 ] }, "320_512": { "autotile": 1.0, "autotile_index": 0.0, "tileset": "tile_entrance1", "coord": [ 7.0, 5.0 ] }, "224_256": { "autotile": 0.0, "autotile_index": 0.0, "tileset": "tile_entrance1", "coord": [ 7.0, 5.0 ] }, "320_448": { "autotile": 0.0, "autotile_index": 0.0, "tileset": "spr_entrancedeco", "coord": [ 3.0, 21.0 ] }, "736_288": { "autotile": 1.0, "autotile_index": 0.0, "tileset": "tile_entrance1", "coord": [ 7.0, 5.0 ] }, "704_448": { "autotile": 1.0, "autotile_index": 0.0, "tileset": "tile_entrance1", "coord": [ 7.0, 4.0 ] }, "480_352": { "autotile": 1.0, "autotile_index": 0.0, "tileset": "tile_entrance1", "coord": [ 7.0, 4.0 ] }, "64_0": { "autotile": 1.0, "autotile_index": 0.0, "tileset": "tile_entrance1", "coord": [ 7.0, 4.0 ] }, "800_352": { "autotile": 1.0, "autotile_index": 0.0, "tileset": "tile_entrance1", "coord": [ 7.0, 4.0 ] }, "480_0": { "autotile": 1.0, "autotile_index": 0.0, "tileset": "tile_entrance1", "coord": [ 7.0, 5.0 ] }, "128_96": { "autotile": 1.0, "autotile_index": 0.0, "tileset": "tile_entrance1", "coord": [ 7.0, 4.0 ] }, "928_0": { "autotile": 1.0, "autotile_index": 0.0, "tileset": "tile_entrance1", "coord": [ 7.0, 5.0 ] }, "64_128": { "autotile": 1.0, "autotile_index": 0.0, "tileset": "tile_entrance1", "coord": [ 7.0, 4.0 ] }, "640_480": { "autotile": 1.0, "autotile_index": 0.0, "tileset": "tile_entrance1", "coord": [ 7.0, 4.0 ] }, "-64_288": { "autotile": 1.0, "autotile_index": 0.0, "tileset": "tile_entrance1", "coord": [ 0.0, 0.0 ] }, "224_480": { "autotile": 1.0, "autotile_index": 0.0, "tileset": "tile_entrance1", "coord": [ 5.0, 4.0 ] }, "864_320": { "autotile": 1.0, "autotile_index": 0.0, "tileset": "tile_entrance1", "coord": [ 7.0, 4.0 ] }, "640_256": { "autotile": 1.0, "autotile_index": 0.0, "tileset": "tile_entrance1", "coord": [ 5.0, 4.0 ] }, "512_416": { "autotile": 1.0, "autotile_index": 0.0, "tileset": "tile_entrance1", "coord": [ 7.0, 4.0 ] }, "384_384": { "autotile": 1.0, "autotile_index": 0.0, "tileset": "tile_entrance1", "coord": [ 4.0, 5.0 ] }, "192_32": { "autotile": 1.0, "autotile_index": 0.0, "tileset": "tile_entrance1", "coord": [ 7.0, 4.0 ] }, "672_384": { "autotile": 1.0, "autotile_index": 0.0, "tileset": "tile_entrance1", "coord": [ 7.0, 4.0 ] }, "480_320": { "autotile": 1.0, "autotile_index": 0.0, "tileset": "tile_entrance1", "coord": [ 7.0, 4.0 ] }, "608_32": { "autotile": 1.0, "autotile_index": 0.0, "tileset": "tile_entrance1", "coord": [ 5.0, 6.0 ] }, "32_224": { "autotile": 1.0, "autotile_index": 0.0, "tileset": "tile_entrance1", "coord": [ 7.0, 4.0 ] }, "928_512": { "autotile": 1.0, "autotile_index": 0.0, "tileset": "tile_entrance1", "coord": [ 7.0, 4.0 ] }, "256_96": { "autotile": 1.0, "autotile_index": 0.0, "tileset": "tile_entrance1", "coord": [ 6.0, 5.0 ] }, "512_512": { "autotile": 1.0, "autotile_index": 0.0, "tileset": "tile_entrance1", "coord": [ 7.0, 4.0 ] }, "32_256": { "autotile": 1.0, "autotile_index": 0.0, "tileset": "tile_entrance1", "coord": [ 7.0, 5.0 ] }, "96_512": { "autotile": 1.0, "autotile_index": 0.0, "tileset": "tile_entrance1", "coord": [ 7.0, 5.0 ] }, "928_288": { "autotile": 1.0, "autotile_index": 0.0, "tileset": "tile_entrance1", "coord": [ 7.0, 5.0 ] }, "608_320": { "autotile": 1.0, "autotile_index": 0.0, "tileset": "tile_entrance1", "coord": [ 7.0, 4.0 ] }, "288_0": { "autotile": 1.0, "autotile_index": 0.0, "tileset": "tile_entrance1", "coord": [ 7.0, 5.0 ] }, "32_-192": { "autotile": 1.0, "autotile_index": 0.0, "tileset": "tile_entrance1", "coord": [ 0.0, 0.0 ] }, "544_416": { "autotile": 1.0, "autotile_index": 0.0, "tileset": "tile_entrance1", "coord": [ 7.0, 4.0 ] }, "704_0": { "autotile": 1.0, "autotile_index": 0.0, "tileset": "tile_entrance1", "coord": [ 7.0, 5.0 ] }, "0_128": { "autotile": 1.0, "autotile_index": 0.0, "tileset": "tile_entrance1", "coord": [ 7.0, 4.0 ] }, "832_480": { "autotile": 1.0, "autotile_index": 0.0, "tileset": "tile_entrance1", "coord": [ 7.0, 4.0 ] }, "192_128": { "autotile": 0.0, "autotile_index": 0.0, "tileset": "tile_entrance1", "coord": [ 7.0, 4.0 ] }, "416_480": { "autotile": 1.0, "autotile_index": 0.0, "tileset": "tile_entrance1", "coord": [ 7.0, 5.0 ] }, "160_288": { "autotile": 0.0, "autotile_index": 0.0, "tileset": "tile_entrance1", "coord": [ 5.0, 6.0 ] }, "0_480": { "autotile": 1.0, "autotile_index": 0.0, "tileset": "tile_entrance1", "coord": [ 5.0, 4.0 ] }, "832_256": { "autotile": 1.0, "autotile_index": 0.0, "tileset": "tile_entrance1", "coord": [ 5.0, 4.0 ] }, "864_416": { "autotile": 1.0, "autotile_index": 0.0, "tileset": "tile_entrance1", "coord": [ 7.0, 4.0 ] }, "448_256": { "autotile": 1.0, "autotile_index": 0.0, "tileset": "tile_entrance1", "coord": [ 5.0, 4.0 ] }, "0_32": { "autotile": 1.0, "autotile_index": 0.0, "tileset": "tile_entrance1", "coord": [ 7.0, 4.0 ] }, "864_384": { "autotile": 1.0, "autotile_index": 0.0, "tileset": "tile_entrance1", "coord": [ 7.0, 4.0 ] }, "416_32": { "autotile": 1.0, "autotile_index": 0.0, "tileset": "tile_entrance1", "coord": [ 5.0, 6.0 ] }, "64_64": { "autotile": 1.0, "autotile_index": 0.0, "tileset": "tile_entrance1", "coord": [ 7.0, 4.0 ] }, "832_32": { "autotile": 1.0, "autotile_index": 0.0, "tileset": "tile_entrance1", "coord": [ 5.0, 6.0 ] }, "32_192": { "autotile": 1.0, "autotile_index": 0.0, "tileset": "tile_entrance1", "coord": [ 7.0, 4.0 ] }, "320_256": { "autotile": 0.0, "autotile_index": 0.0, "tileset": "spr_entrancedeco", "coord": [ 1.0, 21.0 ] }, "704_512": { "autotile": 1.0, "autotile_index": 0.0, "tileset": "tile_entrance1", "coord": [ 7.0, 4.0 ] }, "224_224": { "autotile": 0.0, "autotile_index": 0.0, "tileset": "tile_entrance1", "coord": [ 7.0, 5.0 ] }, "288_512": { "autotile": 1.0, "autotile_index": 0.0, "tileset": "tile_entrance1", "coord": [ 7.0, 5.0 ] }, "704_320": { "autotile": 1.0, "autotile_index": 0.0, "tileset": "tile_entrance1", "coord": [ 7.0, 4.0 ] }, "704_288": { "autotile": 1.0, "autotile_index": 0.0, "tileset": "tile_entrance1", "coord": [ 7.0, 5.0 ] }, "672_448": { "autotile": 1.0, "autotile_index": 0.0, "tileset": "tile_entrance1", "coord": [ 7.0, 4.0 ] }, "448_352": { "autotile": 1.0, "autotile_index": 0.0, "tileset": "tile_entrance1", "coord": [ 7.0, 4.0 ] }, "96_0": { "autotile": 1.0, "autotile_index": 0.0, "tileset": "tile_entrance1", "coord": [ 7.0, 4.0 ] }, "768_352": { "autotile": 1.0, "autotile_index": 0.0, "tileset": "tile_entrance1", "coord": [ 7.0, 4.0 ] }, "512_0": { "autotile": 1.0, "autotile_index": 0.0, "tileset": "tile_entrance1", "coord": [ 7.0, 5.0 ] }, "192_192": { "autotile": 0.0, "autotile_index": 0.0, "tileset": "tile_entrance1", "coord": [ 7.0, 4.0 ] }, "320_416": { "autotile": 0.0, "autotile_index": 0.0, "tileset": "spr_entrancedeco", "coord": [ 3.0, 21.0 ] }, "896_0": { "autotile": 1.0, "autotile_index": 0.0, "tileset": "tile_entrance1", "coord": [ 7.0, 5.0 ] }, "96_128": { "autotile": 1.0, "autotile_index": 0.0, "tileset": "tile_entrance1", "coord": [ 7.0, 4.0 ] }, "608_480": { "autotile": 1.0, "autotile_index": 0.0, "tileset": "tile_entrance1", "coord": [ 7.0, 4.0 ] }, "-32_288": { "autotile": 1.0, "autotile_index": 0.0, "tileset": "tile_entrance1", "coord": [ 0.0, 0.0 ] }, "192_480": { "autotile": 1.0, "autotile_index": 0.0, "tileset": "tile_entrance1", "coord": [ 5.0, 4.0 ] }, "896_320": { "autotile": 1.0, "autotile_index": 0.0, "tileset": "tile_entrance1", "coord": [ 7.0, 4.0 ] }, "448_416": { "autotile": 1.0, "autotile_index": 0.0, "tileset": "tile_entrance1", "coord": [ 7.0, 4.0 ] }, "512_448": { "autotile": 1.0, "autotile_index": 0.0, "tileset": "tile_entrance1", "coord": [ 7.0, 4.0 ] }, "224_32": { "autotile": 1.0, "autotile_index": 0.0, "tileset": "tile_entrance1", "coord": [ 7.0, 5.0 ] }, "640_384": { "autotile": 1.0, "autotile_index": 0.0, "tileset": "tile_entrance1", "coord": [ 7.0, 4.0 ] }, "448_320": { "autotile": 1.0, "autotile_index": 0.0, "tileset": "tile_entrance1", "coord": [ 7.0, 4.0 ] }, "640_32": { "autotile": 1.0, "autotile_index": 0.0, "tileset": "tile_entrance1", "coord": [ 5.0, 6.0 ] }, "0_192": { "autotile": 1.0, "autotile_index": 0.0, "tileset": "tile_entrance1", "coord": [ 7.0, 4.0 ] }, "896_512": { "autotile": 1.0, "autotile_index": 0.0, "tileset": "tile_entrance1", "coord": [ 7.0, 4.0 ] }, "224_64": { "autotile": 1.0, "autotile_index": 0.0, "tileset": "tile_entrance1", "coord": [ 7.0, 5.0 ] }, "480_512": { "autotile": 1.0, "autotile_index": 0.0, "tileset": "tile_entrance1", "coord": [ 7.0, 4.0 ] }, "64_256": { "autotile": 1.0, "autotile_index": 0.0, "tileset": "tile_entrance1", "coord": [ 7.0, 5.0 ] }, "64_512": { "autotile": 1.0, "autotile_index": 0.0, "tileset": "tile_entrance1", "coord": [ 7.0, 5.0 ] }, "896_288": { "autotile": 1.0, "autotile_index": 0.0, "tileset": "tile_entrance1", "coord": [ 7.0, 5.0 ] }, "608_256": { "autotile": 1.0, "autotile_index": 0.0, "tileset": "tile_entrance1", "coord": [ 5.0, 4.0 ] }, "896_416": { "autotile": 1.0, "autotile_index": 0.0, "tileset": "tile_entrance1", "coord": [ 7.0, 4.0 ] }, "320_0": { "autotile": 1.0, "autotile_index": 0.0, "tileset": "tile_entrance1", "coord": [ 7.0, 5.0 ] }, "0_-192": { "autotile": 1.0, "autotile_index": 0.0, "tileset": "tile_entrance1", "coord": [ 0.0, 0.0 ] }, "384_416": { "autotile": 1.0, "autotile_index": 0.0, "tileset": "tile_entrance1", "coord": [ 4.0, 5.0 ] }, "736_0": { "autotile": 1.0, "autotile_index": 0.0, "tileset": "tile_entrance1", "coord": [ 7.0, 5.0 ] }, "64_96": { "autotile": 1.0, "autotile_index": 0.0, "tileset": "tile_entrance1", "coord": [ 7.0, 4.0 ] }, "256_288": { "autotile": 0.0, "autotile_index": 0.0, "tileset": "tile_entrance1", "coord": [ 6.0, 6.0 ] }, "800_480": { "autotile": 1.0, "autotile_index": 0.0, "tileset": "tile_entrance1", "coord": [ 7.0, 4.0 ] }, "224_128": { "autotile": 0.0, "autotile_index": 0.0, "tileset": "tile_entrance1", "coord": [ 7.0, 5.0 ] }, "384_480": { "autotile": 1.0, "autotile_index": 0.0, "tileset": "tile_entrance1", "coord": [ 6.0, 3.0 ] }, "192_288": { "autotile": 0.0, "autotile_index": 0.0, "tileset": "tile_entrance1", "coord": [ 5.0, 6.0 ] }, "800_256": { "autotile": 1.0, "autotile_index": 0.0, "tileset": "tile_entrance1", "coord": [ 5.0, 4.0 ] }, "800_416": { "autotile": 1.0, "autotile_index": 0.0, "tileset": "tile_entrance1", "coord": [ 7.0, 4.0 ] }, "512_384": { "autotile": 1.0, "autotile_index": 0.0, "tileset": "tile_entrance1", "coord": [ 7.0, 4.0 ] }, "32_32": { "autotile": 1.0, "autotile_index": 0.0, "tileset": "tile_entrance1", "coord": [ 7.0, 4.0 ] }, "832_384": { "autotile": 1.0, "autotile_index": 0.0, "tileset": "tile_entrance1", "coord": [ 7.0, 4.0 ] }, "448_32": { "autotile": 1.0, "autotile_index": 0.0, "tileset": "tile_entrance1", "coord": [ 5.0, 6.0 ] }, "96_96": { "autotile": 1.0, "autotile_index": 0.0, "tileset": "tile_entrance1", "coord": [ 7.0, 4.0 ] }, "640_352": { "autotile": 1.0, "autotile_index": 0.0, "tileset": "tile_entrance1", "coord": [ 7.0, 4.0 ] }, "864_32": { "autotile": 1.0, "autotile_index": 0.0, "tileset": "tile_entrance1", "coord": [ 5.0, 6.0 ] }, "96_192": { "autotile": 1.0, "autotile_index": 0.0, "tileset": "tile_entrance1", "coord": [ 7.0, 4.0 ] }, "1024_512": { "autotile": 1.0, "autotile_index": 0.0, "tileset": "tile_entrance1", "coord": [ 0.0, 0.0 ] }, "320_288": { "autotile": 0.0, "autotile_index": 0.0, "tileset": "spr_entrancedeco", "coord": [ 3.0, 21.0 ] }, "672_512": { "autotile": 1.0, "autotile_index": 0.0, "tileset": "tile_entrance1", "coord": [ 7.0, 4.0 ] }, "-128_256": { "autotile": 1.0, "autotile_index": 0.0, "tileset": "tile_entrance1", "coord": [ 0.0, 0.0 ] }, "928_448": { "autotile": 1.0, "autotile_index": 0.0, "tileset": "tile_entrance1", "coord": [ 7.0, 4.0 ] }, "256_512": { "autotile": 1.0, "autotile_index": 0.0, "tileset": "tile_entrance1", "coord": [ 7.0, 5.0 ] }, "768_320": { "autotile": 1.0, "autotile_index": 0.0, "tileset": "tile_entrance1", "coord": [ 7.0, 4.0 ] }, "672_288": { "autotile": 1.0, "autotile_index": 0.0, "tileset": "tile_entrance1", "coord": [ 7.0, 5.0 ] }, "640_448": { "autotile": 1.0, "autotile_index": 0.0, "tileset": "tile_entrance1", "coord": [ 7.0, 4.0 ] }, "416_352": { "autotile": 1.0, "autotile_index": 0.0, "tileset": "tile_entrance1", "coord": [ 7.0, 5.0 ] }, "128_0": { "autotile": 1.0, "autotile_index": 0.0, "tileset": "tile_entrance1", "coord": [ 7.0, 4.0 ] }, "736_352": { "autotile": 1.0, "autotile_index": 0.0, "tileset": "tile_entrance1", "coord": [ 7.0, 4.0 ] }, "544_288": { "autotile": 1.0, "autotile_index": 0.0, "tileset": "tile_entrance1", "coord": [ 7.0, 5.0 ] }, "544_0": { "autotile": 1.0, "autotile_index": 0.0, "tileset": "tile_entrance1", "coord": [ 7.0, 5.0 ] }, "128_192": { "autotile": 0.0, "autotile_index": 0.0, "tileset": "tile_entrance1", "coord": [ 7.0, 4.0 ] }, "320_384": { "autotile": 0.0, "autotile_index": 0.0, "tileset": "spr_entrancedeco", "coord": [ 3.0, 21.0 ] }, "992_480": { "autotile": 1.0, "autotile_index": 0.0, "tileset": "tile_entrance1", "coord": [ 0.0, 0.0 ] }, "128_128": { "autotile": 0.0, "autotile_index": 0.0, "tileset": "tile_entrance1", "coord": [ 7.0, 4.0 ] }, "576_480": { "autotile": 1.0, "autotile_index": 0.0, "tileset": "tile_entrance1", "coord": [ 7.0, 4.0 ] }, "0_288": { "autotile": 1.0, "autotile_index": 0.0, "tileset": "tile_entrance1", "coord": [ 5.0, 6.0 ] }, "160_480": { "autotile": 1.0, "autotile_index": 0.0, "tileset": "tile_entrance1", "coord": [ 5.0, 4.0 ] }, "992_256": { "autotile": 1.0, "autotile_index": 0.0, "tileset": "tile_entrance1", "coord": [ 0.0, 0.0 ] }, "576_384": { "autotile": 1.0, "autotile_index": 0.0, "tileset": "tile_entrance1", "coord": [ 7.0, 4.0 ] }, "448_448": { "autotile": 1.0, "autotile_index": 0.0, "tileset": "tile_entrance1", "coord": [ 7.0, 4.0 ] }, "256_32": { "autotile": 1.0, "autotile_index": 0.0, "tileset": "tile_entrance1", "coord": [ 4.0, 1.0 ] }, "608_448": { "autotile": 1.0, "autotile_index": 0.0, "tileset": "tile_entrance1", "coord": [ 7.0, 4.0 ] }, "672_32": { "autotile": 1.0, "autotile_index": 0.0, "tileset": "tile_entrance1", "coord": [ 5.0, 6.0 ] }, "0_160": { "autotile": 1.0, "autotile_index": 0.0, "tileset": "tile_entrance1", "coord": [ 7.0, 4.0 ] }, "864_512": { "autotile": 1.0, "autotile_index": 0.0, "tileset": "tile_entrance1", "coord": [ 7.0, 4.0 ] }, "224_96": { "autotile": 1.0, "autotile_index": 0.0, "tileset": "tile_entrance1", "coord": [ 7.0, 5.0 ] }, "448_512": { "autotile": 1.0, "autotile_index": 0.0, "tileset": "tile_entrance1", "coord": [ 7.0, 4.0 ] }, "96_256": { "autotile": 1.0, "autotile_index": 0.0, "tileset": "tile_entrance1", "coord": [ 7.0, 5.0 ] }, "800_448": { "autotile": 1.0, "autotile_index": 0.0, "tileset": "tile_entrance1", "coord": [ 7.0, 4.0 ] }, "32_512": { "autotile": 1.0, "autotile_index": 0.0, "tileset": "tile_entrance1", "coord": [ 7.0, 5.0 ] }, "864_288": { "autotile": 1.0, "autotile_index": 0.0, "tileset": "tile_entrance1", "coord": [ 7.0, 5.0 ] }, "576_320": { "autotile": 1.0, "autotile_index": 0.0, "tileset": "tile_entrance1", "coord": [ 7.0, 4.0 ] }, "928_352": { "autotile": 1.0, "autotile_index": 0.0, "tileset": "tile_entrance1", "coord": [ 7.0, 4.0 ] }, "352_0": { "autotile": 1.0, "autotile_index": 0.0, "tileset": "tile_entrance1", "coord": [ 7.0, 5.0 ] }, "160_64": { "autotile": 1.0, "autotile_index": 0.0, "tileset": "tile_entrance1", "coord": [ 7.0, 4.0 ] }, "576_256": { "autotile": 1.0, "autotile_index": 0.0, "tileset": "tile_entrance1", "coord": [ 5.0, 4.0 ] }, "768_0": { "autotile": 1.0, "autotile_index": 0.0, "tileset": "tile_entrance1", "coord": [ 7.0, 5.0 ] }, "32_128": { "autotile": 1.0, "autotile_index": 0.0, "tileset": "tile_entrance1", "coord": [ 7.0, 4.0 ] }, "768_480": { "autotile": 1.0, "autotile_index": 0.0, "tileset": "tile_entrance1", "coord": [ 7.0, 4.0 ] }, "224_160": { "autotile": 0.0, "autotile_index": 0.0, "tileset": "tile_entrance1", "coord": [ 7.0, 5.0 ] }, "352_480": { "autotile": 1.0, "autotile_index": 0.0, "tileset": "tile_entrance1", "coord": [ 5.0, 4.0 ] }, "224_288": { "autotile": 0.0, "autotile_index": 0.0, "tileset": "tile_entrance1", "coord": [ 5.0, 6.0 ] }, "544_448": { "autotile": 1.0, "autotile_index": 0.0, "tileset": "tile_entrance1", "coord": [ 7.0, 4.0 ] }, "768_256": { "autotile": 1.0, "autotile_index": 0.0, "tileset": "tile_entrance1", "coord": [ 5.0, 4.0 ] }, "736_416": { "autotile": 1.0, "autotile_index": 0.0, "tileset": "tile_entrance1", "coord": [ 7.0, 4.0 ] }, "480_384": { "autotile": 1.0, "autotile_index": 0.0, "tileset": "tile_entrance1", "coord": [ 7.0, 4.0 ] }, "64_32": { "autotile": 1.0, "autotile_index": 0.0, "tileset": "tile_entrance1", "coord": [ 7.0, 4.0 ] }, "800_384": { "autotile": 1.0, "autotile_index": 0.0, "tileset": "tile_entrance1", "coord": [ 7.0, 4.0 ] }, "480_32": { "autotile": 1.0, "autotile_index": 0.0, "tileset": "tile_entrance1", "coord": [ 5.0, 6.0 ] }, "160_96": { "autotile": 1.0, "autotile_index": 0.0, "tileset": "tile_entrance1", "coord": [ 7.0, 4.0 ] }, "256_224": { "autotile": 0.0, "autotile_index": 0.0, "tileset": "tile_entrance1", "coord": [ 6.0, 5.0 ] }, "928_32": { "autotile": 1.0, "autotile_index": 0.0, "tileset": "tile_entrance1", "coord": [ 5.0, 6.0 ] }, "64_160": { "autotile": 1.0, "autotile_index": 0.0, "tileset": "tile_entrance1", "coord": [ 7.0, 4.0 ] }, "384_288": { "autotile": 1.0, "autotile_index": 0.0, "tileset": "tile_entrance1", "coord": [ 4.0, 5.0 ] }, "640_512": { "autotile": 1.0, "autotile_index": 0.0, "tileset": "tile_entrance1", "coord": [ 7.0, 4.0 ] }, "-96_256": { "autotile": 1.0, "autotile_index": 0.0, "tileset": "tile_entrance1", "coord": [ 0.0, 0.0 ] }, "864_448": { "autotile": 1.0, "autotile_index": 0.0, "tileset": "tile_entrance1", "coord": [ 7.0, 4.0 ] }, "224_512": { "autotile": 1.0, "autotile_index": 0.0, "tileset": "tile_entrance1", "coord": [ 7.0, 5.0 ] }, "832_320": { "autotile": 1.0, "autotile_index": 0.0, "tileset": "tile_entrance1", "coord": [ 7.0, 4.0 ] }, "640_288": { "autotile": 1.0, "autotile_index": 0.0, "tileset": "tile_entrance1", "coord": [ 7.0, 5.0 ] }, "416_288": { "autotile": 1.0, "autotile_index": 0.0, "tileset": "tile_entrance1", "coord": [ 7.0, 5.0 ] }, "160_0": { "autotile": 1.0, "autotile_index": 0.0, "tileset": "tile_entrance1", "coord": [ 7.0, 4.0 ] }, "704_352": { "autotile": 1.0, "autotile_index": 0.0, "tileset": "tile_entrance1", "coord": [ 7.0, 4.0 ] }, "512_288": { "autotile": 1.0, "autotile_index": 0.0, "tileset": "tile_entrance1", "coord": [ 7.0, 5.0 ] }, "576_0": { "autotile": 1.0, "autotile_index": 0.0, "tileset": "tile_entrance1", "coord": [ 7.0, 5.0 ] }, "128_224": { "autotile": 0.0, "autotile_index": 0.0, "tileset": "tile_entrance1", "coord": [ 7.0, 4.0 ] }, "320_352": { "autotile": 0.0, "autotile_index": 0.0, "tileset": "spr_entrancedeco", "coord": [ 3.0, 21.0 ] }, "960_480": { "autotile": 1.0, "autotile_index": 0.0, "tileset": "tile_entrance1", "coord": [ 0.0, 0.0 ] }, "160_128": { "autotile": 0.0, "autotile_index": 0.0, "tileset": "tile_entrance1", "coord": [ 7.0, 4.0 ] }, "544_480": { "autotile": 1.0, "autotile_index": 0.0, "tileset": "tile_entrance1", "coord": [ 7.0, 4.0 ] }, "32_288": { "autotile": 1.0, "autotile_index": 0.0, "tileset": "tile_entrance1", "coord": [ 5.0, 6.0 ] }, "128_480": { "autotile": 1.0, "autotile_index": 0.0, "tileset": "tile_entrance1", "coord": [ 5.0, 4.0 ] }, "960_256": { "autotile": 1.0, "autotile_index": 0.0, "tileset": "tile_entrance1", "coord": [ 0.0, 0.0 ] }, "608_352": { "autotile": 1.0, "autotile_index": 0.0, "tileset": "tile_entrance1", "coord": [ 7.0, 4.0 ] }, "384_448": { "autotile": 1.0, "autotile_index": 0.0, "tileset": "tile_entrance1", "coord": [ 4.0, 5.0 ] }, "288_32": { "autotile": 1.0, "autotile_index": 0.0, "tileset": "tile_entrance1", "coord": [ 5.0, 6.0 ] }, "576_416": { "autotile": 1.0, "autotile_index": 0.0, "tileset": "tile_entrance1", "coord": [ 7.0, 4.0 ] }, "704_32": { "autotile": 1.0, "autotile_index": 0.0, "tileset": "tile_entrance1", "coord": [ 5.0, 6.0 ] }, "-32_128": { "autotile": 1.0, "autotile_index": 0.0, "tileset": "tile_entrance1", "coord": [ 0.0, 0.0 ] }, "384_256": { "autotile": 1.0, "autotile_index": 0.0, "tileset": "tile_entrance1", "coord": [ 4.0, 4.0 ] }, "832_512": { "autotile": 1.0, "autotile_index": 0.0, "tileset": "tile_entrance1", "coord": [ 7.0, 4.0 ] }, "192_160": { "autotile": 0.0, "autotile_index": 0.0, "tileset": "tile_entrance1", "coord": [ 7.0, 4.0 ] }, "416_512": { "autotile": 1.0, "autotile_index": 0.0, "tileset": "tile_entrance1", "coord": [ 7.0, 5.0 ] }, "128_256": { "autotile": 0.0, "autotile_index": 0.0, "tileset": "tile_entrance1", "coord": [ 7.0, 5.0 ] }, "736_448": { "autotile": 1.0, "autotile_index": 0.0, "tileset": "tile_entrance1", "coord": [ 7.0, 4.0 ] }, "0_512": { "autotile": 1.0, "autotile_index": 0.0, "tileset": "tile_entrance1", "coord": [ 7.0, 5.0 ] }, "832_288": { "autotile": 1.0, "autotile_index": 0.0, "tileset": "tile_entrance1", "coord": [ 7.0, 5.0 ] }, "544_352": { "autotile": 1.0, "autotile_index": 0.0, "tileset": "tile_entrance1", "coord": [ 7.0, 4.0 ] }, "896_352": { "autotile": 1.0, "autotile_index": 0.0, "tileset": "tile_entrance1", "coord": [ 7.0, 4.0 ] }, "384_0": { "autotile": 1.0, "autotile_index": 0.0, "tileset": "tile_entrance1", "coord": [ 7.0, 5.0 ] }, "32_64": { "autotile": 1.0, "autotile_index": 0.0, "tileset": "tile_entrance1", "coord": [ 7.0, 4.0 ] }, "544_256": { "autotile": 1.0, "autotile_index": 0.0, "tileset": "tile_entrance1", "coord": [ 5.0, 4.0 ] }, "800_0": { "autotile": 1.0, "autotile_index": 0.0, "tileset": "tile_entrance1", "coord": [ 7.0, 5.0 ] }, "64_224": { "autotile": 1.0, "autotile_index": 0.0, "tileset": "tile_entrance1", "coord": [ 7.0, 4.0 ] }, "352_256": { "autotile": 0.0, "autotile_index": 0.0, "tileset": "spr_entrancedeco", "coord": [ 2.0, 21.0 ] }, "736_480": { "autotile": 1.0, "autotile_index": 0.0, "tileset": "tile_entrance1", "coord": [ 7.0, 4.0 ] }, "224_192": { "autotile": 0.0, "autotile_index": 0.0, "tileset": "tile_entrance1", "coord": [ 7.0, 5.0 ] }, "320_480": { "autotile": 1.0, "autotile_index": 0.0, "tileset": "tile_entrance1", "coord": [ 5.0, 4.0 ] }, "672_320": { "autotile": 1.0, "autotile_index": 0.0, "tileset": "tile_entrance1", "coord": [ 7.0, 4.0 ] }, "736_256": { "autotile": 1.0, "autotile_index": 0.0, "tileset": "tile_entrance1", "coord": [ 5.0, 4.0 ] }, "704_416": { "autotile": 1.0, "autotile_index": 0.0, "tileset": "tile_entrance1", "coord": [ 7.0, 4.0 ] }, "448_384": { "autotile": 1.0, "autotile_index": 0.0, "tileset": "tile_entrance1", "coord": [ 7.0, 4.0 ] }, "96_32": { "autotile": 1.0, "autotile_index": 0.0, "tileset": "tile_entrance1", "coord": [ 7.0, 4.0 ] }, "768_384": { "autotile": 1.0, "autotile_index": 0.0, "tileset": "tile_entrance1", "coord": [ 7.0, 4.0 ] }, "512_32": { "autotile": 1.0, "autotile_index": 0.0, "tileset": "tile_entrance1", "coord": [ 5.0, 6.0 ] }, "192_224": { "autotile": 0.0, "autotile_index": 0.0, "tileset": "tile_entrance1", "coord": [ 7.0, 4.0 ] }, "896_32": { "autotile": 1.0, "autotile_index": 0.0, "tileset": "tile_entrance1", "coord": [ 5.0, 6.0 ] }, "96_160": { "autotile": 1.0, "autotile_index": 0.0, "tileset": "tile_entrance1", "coord": [ 7.0, 4.0 ] }, "608_512": { "autotile": 1.0, "autotile_index": 0.0, "tileset": "tile_entrance1", "coord": [ 7.0, 4.0 ] }, "-64_256": { "autotile": 1.0, "autotile_index": 0.0, "tileset": "tile_entrance1", "coord": [ 0.0, 0.0 ] }, "192_512": { "autotile": 1.0, "autotile_index": 0.0, "tileset": "tile_entrance1", "coord": [ 7.0, 5.0 ] }, "928_320": { "autotile": 1.0, "autotile_index": 0.0, "tileset": "tile_entrance1", "coord": [ 7.0, 4.0 ] }, "480_416": { "autotile": 1.0, "autotile_index": 0.0, "tileset": "tile_entrance1", "coord": [ 7.0, 4.0 ] }, "384_352": { "autotile": 1.0, "autotile_index": 0.0, "tileset": "tile_entrance1", "coord": [ 4.0, 5.0 ] }, "192_0": { "autotile": 1.0, "autotile_index": 0.0, "tileset": "tile_entrance1", "coord": [ 7.0, 4.0 ] }, "672_352": { "autotile": 1.0, "autotile_index": 0.0, "tileset": "tile_entrance1", "coord": [ 7.0, 4.0 ] }, "480_288": { "autotile": 1.0, "autotile_index": 0.0, "tileset": "tile_entrance1", "coord": [ 7.0, 5.0 ] }, "608_0": { "autotile": 1.0, "autotile_index": 0.0, "tileset": "tile_entrance1", "coord": [ 7.0, 5.0 ] }, "0_224": { "autotile": 1.0, "autotile_index": 0.0, "tileset": "tile_entrance1", "coord": [ 7.0, 4.0 ] }, "928_480": { "autotile": 1.0, "autotile_index": 0.0, "tileset": "tile_entrance1", "coord": [ 7.0, 4.0 ] }, "256_64": { "autotile": 1.0, "autotile_index": 0.0, "tileset": "tile_entrance1", "coord": [ 6.0, 5.0 ] }, "512_480": { "autotile": 1.0, "autotile_index": 0.0, "tileset": "tile_entrance1", "coord": [ 7.0, 4.0 ] }, "64_288": { "autotile": 1.0, "autotile_index": 0.0, "tileset": "tile_entrance1", "coord": [ 5.0, 6.0 ] }, "96_480": { "autotile": 1.0, "autotile_index": 0.0, "tileset": "tile_entrance1", "coord": [ 5.0, 4.0 ] }, "928_256": { "autotile": 1.0, "autotile_index": 0.0, "tileset": "tile_entrance1", "coord": [ 5.0, 4.0 ] }, "608_288": { "autotile": 1.0, "autotile_index": 0.0, "tileset": "tile_entrance1", "coord": [ 7.0, 5.0 ] }, "928_416": { "autotile": 1.0, "autotile_index": 0.0, "tileset": "tile_entrance1", "coord": [ 7.0, 4.0 ] }, "320_32": { "autotile": 1.0, "autotile_index": 0.0, "tileset": "tile_entrance1", "coord": [ 5.0, 6.0 ] }, "32_-224": { "autotile": 1.0, "autotile_index": 0.0, "tileset": "tile_entrance1", "coord": [ 0.0, 0.0 ] }, "416_416": { "autotile": 1.0, "autotile_index": 0.0, "tileset": "tile_entrance1", "coord": [ 7.0, 5.0 ] }, "736_32": { "autotile": 1.0, "autotile_index": 0.0, "tileset": "tile_entrance1", "coord": [ 5.0, 6.0 ] }, "0_96": { "autotile": 1.0, "autotile_index": 0.0, "tileset": "tile_entrance1", "coord": [ 7.0, 4.0 ] }, "800_512": { "autotile": 1.0, "autotile_index": 0.0, "tileset": "tile_entrance1", "coord": [ 7.0, 4.0 ] }, "256_128": { "autotile": 0.0, "autotile_index": 0.0, "tileset": "tile_entrance1", "coord": [ 6.0, 5.0 ] }, "384_512": { "autotile": 1.0, "autotile_index": 0.0, "tileset": "tile_entrance1", "coord": [ 7.0, 5.0 ] }, "160_256": { "autotile": 0.0, "autotile_index": 0.0, "tileset": "tile_entrance1", "coord": [ 7.0, 5.0 ] }, "1024_480": { "autotile": 1.0, "autotile_index": 0.0, "tileset": "tile_entrance1", "coord": [ 0.0, 0.0 ] }, "800_288": { "autotile": 1.0, "autotile_index": 0.0, "tileset": "tile_entrance1", "coord": [ 7.0, 5.0 ] }, "832_416": { "autotile": 1.0, "autotile_index": 0.0, "tileset": "tile_entrance1", "coord": [ 7.0, 4.0 ] }, "416_256": { "autotile": 1.0, "autotile_index": 0.0, "tileset": "tile_entrance1", "coord": [ 5.0, 4.0 ] }, "0_0": { "autotile": 1.0, "autotile_index": 0.0, "tileset": "tile_entrance1", "coord": [ 7.0, 4.0 ] }, "864_352": { "autotile": 1.0, "autotile_index": 0.0, "tileset": "tile_entrance1", "coord": [ 7.0, 4.0 ] }, "416_0": { "autotile": 1.0, "autotile_index": 0.0, "tileset": "tile_entrance1", "coord": [ 7.0, 5.0 ] }, "128_64": { "autotile": 1.0, "autotile_index": 0.0, "tileset": "tile_entrance1", "coord": [ 7.0, 4.0 ] }, "512_256": { "autotile": 1.0, "autotile_index": 0.0, "tileset": "tile_entrance1", "coord": [ 5.0, 4.0 ] }, "832_0": { "autotile": 1.0, "autotile_index": 0.0, "tileset": "tile_entrance1", "coord": [ 7.0, 5.0 ] }, "32_160": { "autotile": 1.0, "autotile_index": 0.0, "tileset": "tile_entrance1", "coord": [ 7.0, 4.0 ] }, "320_320": { "autotile": 0.0, "autotile_index": 0.0, "tileset": "spr_entrancedeco", "coord": [ 3.0, 21.0 ] }, "704_480": { "autotile": 1.0, "autotile_index": 0.0, "tileset": "tile_entrance1", "coord": [ 7.0, 4.0 ] }, "-128_288": { "autotile": 1.0, "autotile_index": 0.0, "tileset": "tile_entrance1", "coord": [ 0.0, 0.0 ] }, "288_480": { "autotile": 1.0, "autotile_index": 0.0, "tileset": "tile_entrance1", "coord": [ 5.0, 4.0 ] }, "736_320": { "autotile": 1.0, "autotile_index": 0.0, "tileset": "tile_entrance1", "coord": [ 7.0, 4.0 ] }, "704_256": { "autotile": 1.0, "autotile_index": 0.0, "tileset": "tile_entrance1", "coord": [ 5.0, 4.0 ] }, "672_416": { "autotile": 1.0, "autotile_index": 0.0, "tileset": "tile_entrance1", "coord": [ 7.0, 4.0 ] }, "416_384": { "autotile": 1.0, "autotile_index": 0.0, "tileset": "tile_entrance1", "coord": [ 7.0, 5.0 ] }, "128_32": { "autotile": 1.0, "autotile_index": 0.0, "tileset": "tile_entrance1", "coord": [ 7.0, 4.0 ] }, "736_384": { "autotile": 1.0, "autotile_index": 0.0, "tileset": "tile_entrance1", "coord": [ 7.0, 4.0 ] }, "544_320": { "autotile": 1.0, "autotile_index": 0.0, "tileset": "tile_entrance1", "coord": [ 7.0, 4.0 ] }, "544_32": { "autotile": 1.0, "autotile_index": 0.0, "tileset": "tile_entrance1", "coord": [ 5.0, 6.0 ] }, "160_192": { "autotile": 0.0, "autotile_index": 0.0, "tileset": "tile_entrance1", "coord": [ 7.0, 4.0 ] }, "992_512": { "autotile": 1.0, "autotile_index": 0.0, "tileset": "tile_entrance1", "coord": [ 0.0, 0.0 ] }, "128_160": { "autotile": 0.0, "autotile_index": 0.0, "tileset": "tile_entrance1", "coord": [ 7.0, 4.0 ] }, "576_512": { "autotile": 1.0, "autotile_index": 0.0, "tileset": "tile_entrance1", "coord": [ 7.0, 4.0 ] }, "-32_256": { "autotile": 1.0, "autotile_index": 0.0, "tileset": "tile_entrance1", "coord": [ 0.0, 0.0 ] }, "160_512": { "autotile": 1.0, "autotile_index": 0.0, "tileset": "tile_entrance1", "coord": [ 7.0, 5.0 ] }, "992_288": { "autotile": 1.0, "autotile_index": 0.0, "tileset": "tile_entrance1", "coord": [ 0.0, 0.0 ] }, "608_384": { "autotile": 1.0, "autotile_index": 0.0, "tileset": "tile_entrance1", "coord": [ 7.0, 4.0 ] }, "480_448": { "autotile": 1.0, "autotile_index": 0.0, "tileset": "tile_entrance1", "coord": [ 7.0, 4.0 ] }, "224_0": { "autotile": 1.0, "autotile_index": 0.0, "tileset": "tile_entrance1", "coord": [ 7.0, 5.0 ] } } }, "backgrounds": { "5": { "x": 508.0, "scroll_x": 0.80000000000000004440892098500626, "tile_y": 0.0, "hspeed": 0.0, "scroll_y": 0.80000000000000004440892098500626, "panic_sprite": -1.0, "y": 100.0, "sprite": "bg_johnentrance", "tile_x": 1.0, "vspeed": 0.0, "image_speed": "15" }, "6": { "x": -2.0, "scroll_x": 0.75, "tile_y": 1.0, "hspeed": 0.0, "scroll_y": 0.75, "panic_sprite": -1.0, "y": 33.0, "sprite": "bg_tower", "tile_x": 1.0, "vspeed": 0.0, "image_speed": 0.0 }, "-1": { "x": -1.0, "scroll_x": 1.5, "tile_y": 0.0, "hspeed": 0.0, "scroll_y": 1.3000000000000000444089209850063, "panic_sprite": -1.0, "y": 211.0, "sprite": "fg_entrance1", "tile_x": 1.0, "vspeed": 0.0, "image_speed": 0.0 } }, "properties": { "songTransitionTime": 100.0, "roomX": 0.0, "levelWidth": 960.0, "roomY": 0.0, "levelHeight": 540.0, "song": "" } }